
GccApplication1.elf:     file format elf32-avr

Sections:
Idx Name          Size      VMA       LMA       File off  Algn
  0 .data         0000018a  00800100  000017dc  00001870  2**0
                  CONTENTS, ALLOC, LOAD, DATA
  1 .text         000017dc  00000000  00000000  00000094  2**1
                  CONTENTS, ALLOC, LOAD, READONLY, CODE
  2 .bss          000000ab  0080028a  0080028a  000019fa  2**0
                  ALLOC
  3 .comment      0000005c  00000000  00000000  000019fa  2**0
                  CONTENTS, READONLY
  4 .note.gnu.avr.deviceinfo 00000040  00000000  00000000  00001a58  2**2
                  CONTENTS, READONLY
  5 .debug_aranges 00000118  00000000  00000000  00001a98  2**0
                  CONTENTS, READONLY, DEBUGGING
  6 .debug_info   00001967  00000000  00000000  00001bb0  2**0
                  CONTENTS, READONLY, DEBUGGING
  7 .debug_abbrev 00000bc8  00000000  00000000  00003517  2**0
                  CONTENTS, READONLY, DEBUGGING
  8 .debug_line   00000d13  00000000  00000000  000040df  2**0
                  CONTENTS, READONLY, DEBUGGING
  9 .debug_frame  00000284  00000000  00000000  00004df4  2**2
                  CONTENTS, READONLY, DEBUGGING
 10 .debug_str    0000062b  00000000  00000000  00005078  2**0
                  CONTENTS, READONLY, DEBUGGING
 11 .debug_loc    00000784  00000000  00000000  000056a3  2**0
                  CONTENTS, READONLY, DEBUGGING
 12 .debug_ranges 000000d8  00000000  00000000  00005e27  2**0
                  CONTENTS, READONLY, DEBUGGING

Disassembly of section .text:

00000000 <__vectors>:
       0:	0c 94 3a 00 	jmp	0x74	; 0x74 <__ctors_end>
       4:	0c 94 57 00 	jmp	0xae	; 0xae <__bad_interrupt>
       8:	0c 94 57 00 	jmp	0xae	; 0xae <__bad_interrupt>
       c:	0c 94 57 00 	jmp	0xae	; 0xae <__bad_interrupt>
      10:	0c 94 57 00 	jmp	0xae	; 0xae <__bad_interrupt>
      14:	0c 94 57 00 	jmp	0xae	; 0xae <__bad_interrupt>
      18:	0c 94 57 00 	jmp	0xae	; 0xae <__bad_interrupt>
      1c:	0c 94 57 00 	jmp	0xae	; 0xae <__bad_interrupt>
      20:	0c 94 57 00 	jmp	0xae	; 0xae <__bad_interrupt>
      24:	0c 94 57 00 	jmp	0xae	; 0xae <__bad_interrupt>
      28:	0c 94 57 00 	jmp	0xae	; 0xae <__bad_interrupt>
      2c:	0c 94 57 00 	jmp	0xae	; 0xae <__bad_interrupt>
      30:	0c 94 57 00 	jmp	0xae	; 0xae <__bad_interrupt>
      34:	0c 94 57 00 	jmp	0xae	; 0xae <__bad_interrupt>
      38:	0c 94 57 00 	jmp	0xae	; 0xae <__bad_interrupt>
      3c:	0c 94 57 00 	jmp	0xae	; 0xae <__bad_interrupt>
      40:	0c 94 57 00 	jmp	0xae	; 0xae <__bad_interrupt>
      44:	0c 94 57 00 	jmp	0xae	; 0xae <__bad_interrupt>
      48:	0c 94 8f 01 	jmp	0x31e	; 0x31e <__vector_18>
      4c:	0c 94 b4 01 	jmp	0x368	; 0x368 <__vector_19>
      50:	0c 94 57 00 	jmp	0xae	; 0xae <__bad_interrupt>
      54:	0c 94 57 00 	jmp	0xae	; 0xae <__bad_interrupt>
      58:	0c 94 57 00 	jmp	0xae	; 0xae <__bad_interrupt>
      5c:	0c 94 57 00 	jmp	0xae	; 0xae <__bad_interrupt>
      60:	0c 94 57 00 	jmp	0xae	; 0xae <__bad_interrupt>
      64:	0c 94 57 00 	jmp	0xae	; 0xae <__bad_interrupt>

00000068 <__trampolines_end>:
      68:	63 64       	ori	r22, 0x43	; 67
      6a:	69 6e       	ori	r22, 0xE9	; 233
      6c:	6f 70       	andi	r22, 0x0F	; 15
      6e:	73 75       	andi	r23, 0x53	; 83
      70:	78 58       	subi	r23, 0x88	; 136
      72:	5b 00       	.word	0x005b	; ????

00000074 <__ctors_end>:
      74:	11 24       	eor	r1, r1
      76:	1f be       	out	0x3f, r1	; 63
      78:	cf ef       	ldi	r28, 0xFF	; 255
      7a:	d8 e0       	ldi	r29, 0x08	; 8
      7c:	de bf       	out	0x3e, r29	; 62
      7e:	cd bf       	out	0x3d, r28	; 61

00000080 <__do_copy_data>:
      80:	12 e0       	ldi	r17, 0x02	; 2
      82:	a0 e0       	ldi	r26, 0x00	; 0
      84:	b1 e0       	ldi	r27, 0x01	; 1
      86:	ec ed       	ldi	r30, 0xDC	; 220
      88:	f7 e1       	ldi	r31, 0x17	; 23
      8a:	02 c0       	rjmp	.+4      	; 0x90 <__do_copy_data+0x10>
      8c:	05 90       	lpm	r0, Z+
      8e:	0d 92       	st	X+, r0
      90:	aa 38       	cpi	r26, 0x8A	; 138
      92:	b1 07       	cpc	r27, r17
      94:	d9 f7       	brne	.-10     	; 0x8c <__do_copy_data+0xc>

00000096 <__do_clear_bss>:
      96:	23 e0       	ldi	r18, 0x03	; 3
      98:	aa e8       	ldi	r26, 0x8A	; 138
      9a:	b2 e0       	ldi	r27, 0x02	; 2
      9c:	01 c0       	rjmp	.+2      	; 0xa0 <.do_clear_bss_start>

0000009e <.do_clear_bss_loop>:
      9e:	1d 92       	st	X+, r1

000000a0 <.do_clear_bss_start>:
      a0:	a5 33       	cpi	r26, 0x35	; 53
      a2:	b2 07       	cpc	r27, r18
      a4:	e1 f7       	brne	.-8      	; 0x9e <.do_clear_bss_loop>
      a6:	0e 94 fa 03 	call	0x7f4	; 0x7f4 <main>
      aa:	0c 94 ec 0b 	jmp	0x17d8	; 0x17d8 <_exit>

000000ae <__bad_interrupt>:
      ae:	0c 94 00 00 	jmp	0	; 0x0 <__vectors>

000000b2 <bcd2dec>:
#include "i2c.h"
#include "ds3231.h"
#include "uart.h"

uint8_t bcd2dec(uint8_t b){
	uint8_t decena = (b >> 4) & 0x0F;
      b2:	98 2f       	mov	r25, r24
      b4:	92 95       	swap	r25
      b6:	9f 70       	andi	r25, 0x0F	; 15
	uint8_t unidad = b & 0x0F;
      b8:	8f 70       	andi	r24, 0x0F	; 15
	uint8_t res = decena * 10 + unidad; 
      ba:	99 0f       	add	r25, r25
      bc:	29 2f       	mov	r18, r25
      be:	22 0f       	add	r18, r18
      c0:	22 0f       	add	r18, r18
      c2:	92 0f       	add	r25, r18
	return res;
}
      c4:	89 0f       	add	r24, r25
      c6:	08 95       	ret

000000c8 <dec2bcd>:
uint8_t dec2bcd(uint8_t d){
	uint8_t decena = d/10;
      c8:	9d ec       	ldi	r25, 0xCD	; 205
      ca:	89 9f       	mul	r24, r25
      cc:	91 2d       	mov	r25, r1
      ce:	11 24       	eor	r1, r1
      d0:	96 95       	lsr	r25
      d2:	96 95       	lsr	r25
      d4:	96 95       	lsr	r25
	uint8_t unidad = d % 10;
      d6:	39 2f       	mov	r19, r25
      d8:	33 0f       	add	r19, r19
      da:	23 2f       	mov	r18, r19
      dc:	22 0f       	add	r18, r18
      de:	22 0f       	add	r18, r18
      e0:	23 0f       	add	r18, r19
      e2:	82 1b       	sub	r24, r18
      e4:	28 2f       	mov	r18, r24
	uint8_t res = (decena << 4) | unidad;
      e6:	30 e1       	ldi	r19, 0x10	; 16
      e8:	93 9f       	mul	r25, r19
      ea:	c0 01       	movw	r24, r0
      ec:	11 24       	eor	r1, r1
	return res; 
	 
}
      ee:	82 2b       	or	r24, r18
      f0:	08 95       	ret

000000f2 <ds3231_set_time>:

uint8_t ds3231_set_time(const rtc_time_t *t)
{
      f2:	cf 93       	push	r28
      f4:	df 93       	push	r29
      f6:	ec 01       	movw	r28, r24
	if (twi_start(DS3231_ADDR_WRITE) != 0x18){
      f8:	80 ed       	ldi	r24, 0xD0	; 208
      fa:	0e 94 44 01 	call	0x288	; 0x288 <twi_start>
      fe:	88 31       	cpi	r24, 0x18	; 24
     100:	51 f5       	brne	.+84     	; 0x156 <ds3231_set_time+0x64>
		return 1;
	}
	twi_write(0x00);          // seconds reg
     102:	80 e0       	ldi	r24, 0x00	; 0
     104:	0e 94 6a 01 	call	0x2d4	; 0x2d4 <twi_write>
	twi_write(dec2bcd(t->sec));
     108:	88 81       	ld	r24, Y
     10a:	0e 94 64 00 	call	0xc8	; 0xc8 <dec2bcd>
     10e:	0e 94 6a 01 	call	0x2d4	; 0x2d4 <twi_write>
	twi_write(dec2bcd(t->min));
     112:	89 81       	ldd	r24, Y+1	; 0x01
     114:	0e 94 64 00 	call	0xc8	; 0xc8 <dec2bcd>
     118:	0e 94 6a 01 	call	0x2d4	; 0x2d4 <twi_write>
	twi_write(dec2bcd(t->hour));
     11c:	8a 81       	ldd	r24, Y+2	; 0x02
     11e:	0e 94 64 00 	call	0xc8	; 0xc8 <dec2bcd>
     122:	0e 94 6a 01 	call	0x2d4	; 0x2d4 <twi_write>
	twi_write(dec2bcd(t->day));
     126:	8b 81       	ldd	r24, Y+3	; 0x03
     128:	0e 94 64 00 	call	0xc8	; 0xc8 <dec2bcd>
     12c:	0e 94 6a 01 	call	0x2d4	; 0x2d4 <twi_write>
	twi_write(dec2bcd(t->date));
     130:	8c 81       	ldd	r24, Y+4	; 0x04
     132:	0e 94 64 00 	call	0xc8	; 0xc8 <dec2bcd>
     136:	0e 94 6a 01 	call	0x2d4	; 0x2d4 <twi_write>
	twi_write(dec2bcd(t->month));
     13a:	8d 81       	ldd	r24, Y+5	; 0x05
     13c:	0e 94 64 00 	call	0xc8	; 0xc8 <dec2bcd>
     140:	0e 94 6a 01 	call	0x2d4	; 0x2d4 <twi_write>
	twi_write(dec2bcd(t->year));
     144:	8e 81       	ldd	r24, Y+6	; 0x06
     146:	0e 94 64 00 	call	0xc8	; 0xc8 <dec2bcd>
     14a:	0e 94 6a 01 	call	0x2d4	; 0x2d4 <twi_write>
	twi_stop();
     14e:	0e 94 66 01 	call	0x2cc	; 0x2cc <twi_stop>
	return 0;
     152:	80 e0       	ldi	r24, 0x00	; 0
     154:	01 c0       	rjmp	.+2      	; 0x158 <ds3231_set_time+0x66>
}

uint8_t ds3231_set_time(const rtc_time_t *t)
{
	if (twi_start(DS3231_ADDR_WRITE) != 0x18){
		return 1;
     156:	81 e0       	ldi	r24, 0x01	; 1
	twi_write(dec2bcd(t->date));
	twi_write(dec2bcd(t->month));
	twi_write(dec2bcd(t->year));
	twi_stop();
	return 0;
}
     158:	df 91       	pop	r29
     15a:	cf 91       	pop	r28
     15c:	08 95       	ret

0000015e <ds3231_read_time>:



uint8_t ds3231_read_time(rtc_time_t *t)
{
     15e:	cf 93       	push	r28
     160:	df 93       	push	r29
     162:	ec 01       	movw	r28, r24
		//uart_write("CHECKPOINT 4\r\n");
		uint8_t st;
		st = twi_start(DS3231_ADDR_WRITE);
     164:	80 ed       	ldi	r24, 0xD0	; 208
     166:	0e 94 44 01 	call	0x288	; 0x288 <twi_start>
		if (st == 0xFF) {
     16a:	8f 3f       	cpi	r24, 0xFF	; 255
     16c:	d1 f1       	breq	.+116    	; 0x1e2 <ds3231_read_time+0x84>
			//uart_write("I2C START W timeout\r\n");
			return 1;
		}
		if (st != 0x18) {
     16e:	88 31       	cpi	r24, 0x18	; 24
     170:	d1 f5       	brne	.+116    	; 0x1e6 <ds3231_read_time+0x88>
			//uart_write("I2C START W err\r\n");
			return 1;
		}
		twi_write(0x00);
     172:	80 e0       	ldi	r24, 0x00	; 0
     174:	0e 94 6a 01 	call	0x2d4	; 0x2d4 <twi_write>

		st = twi_start(DS3231_ADDR_READ);
     178:	81 ed       	ldi	r24, 0xD1	; 209
     17a:	0e 94 44 01 	call	0x288	; 0x288 <twi_start>
		if (st == 0xFF) {
     17e:	8f 3f       	cpi	r24, 0xFF	; 255
     180:	a1 f1       	breq	.+104    	; 0x1ea <ds3231_read_time+0x8c>
			//uart_write("I2C START R timeout\r\n");
			return 1;
		}
		if (st != 0x40) {
     182:	80 34       	cpi	r24, 0x40	; 64
     184:	a1 f5       	brne	.+104    	; 0x1ee <ds3231_read_time+0x90>
			//uart_write("I2C START R err\r\n");
			return 1;
		}


	t->sec   = bcd2dec(twi_read(1));
     186:	81 e0       	ldi	r24, 0x01	; 1
     188:	0e 94 74 01 	call	0x2e8	; 0x2e8 <twi_read>
     18c:	0e 94 59 00 	call	0xb2	; 0xb2 <bcd2dec>
     190:	88 83       	st	Y, r24
	t->min   = bcd2dec(twi_read(1));
     192:	81 e0       	ldi	r24, 0x01	; 1
     194:	0e 94 74 01 	call	0x2e8	; 0x2e8 <twi_read>
     198:	0e 94 59 00 	call	0xb2	; 0xb2 <bcd2dec>
     19c:	89 83       	std	Y+1, r24	; 0x01
	t->hour  = bcd2dec(twi_read(1));
     19e:	81 e0       	ldi	r24, 0x01	; 1
     1a0:	0e 94 74 01 	call	0x2e8	; 0x2e8 <twi_read>
     1a4:	0e 94 59 00 	call	0xb2	; 0xb2 <bcd2dec>
     1a8:	8a 83       	std	Y+2, r24	; 0x02
	t->day   = bcd2dec(twi_read(1));
     1aa:	81 e0       	ldi	r24, 0x01	; 1
     1ac:	0e 94 74 01 	call	0x2e8	; 0x2e8 <twi_read>
     1b0:	0e 94 59 00 	call	0xb2	; 0xb2 <bcd2dec>
     1b4:	8b 83       	std	Y+3, r24	; 0x03
	t->date  = bcd2dec(twi_read(1));
     1b6:	81 e0       	ldi	r24, 0x01	; 1
     1b8:	0e 94 74 01 	call	0x2e8	; 0x2e8 <twi_read>
     1bc:	0e 94 59 00 	call	0xb2	; 0xb2 <bcd2dec>
     1c0:	8c 83       	std	Y+4, r24	; 0x04
	t->month = bcd2dec(twi_read(1));
     1c2:	81 e0       	ldi	r24, 0x01	; 1
     1c4:	0e 94 74 01 	call	0x2e8	; 0x2e8 <twi_read>
     1c8:	0e 94 59 00 	call	0xb2	; 0xb2 <bcd2dec>
     1cc:	8d 83       	std	Y+5, r24	; 0x05
	t->year  = bcd2dec(twi_read(0));   
     1ce:	80 e0       	ldi	r24, 0x00	; 0
     1d0:	0e 94 74 01 	call	0x2e8	; 0x2e8 <twi_read>
     1d4:	0e 94 59 00 	call	0xb2	; 0xb2 <bcd2dec>
     1d8:	8e 83       	std	Y+6, r24	; 0x06
		//uart_write("CHECKPOINT 5");
           // NACK último byte
	twi_stop();
     1da:	0e 94 66 01 	call	0x2cc	; 0x2cc <twi_stop>
	return 0;
     1de:	80 e0       	ldi	r24, 0x00	; 0
     1e0:	07 c0       	rjmp	.+14     	; 0x1f0 <ds3231_read_time+0x92>
		//uart_write("CHECKPOINT 4\r\n");
		uint8_t st;
		st = twi_start(DS3231_ADDR_WRITE);
		if (st == 0xFF) {
			//uart_write("I2C START W timeout\r\n");
			return 1;
     1e2:	81 e0       	ldi	r24, 0x01	; 1
     1e4:	05 c0       	rjmp	.+10     	; 0x1f0 <ds3231_read_time+0x92>
		}
		if (st != 0x18) {
			//uart_write("I2C START W err\r\n");
			return 1;
     1e6:	81 e0       	ldi	r24, 0x01	; 1
     1e8:	03 c0       	rjmp	.+6      	; 0x1f0 <ds3231_read_time+0x92>
		twi_write(0x00);

		st = twi_start(DS3231_ADDR_READ);
		if (st == 0xFF) {
			//uart_write("I2C START R timeout\r\n");
			return 1;
     1ea:	81 e0       	ldi	r24, 0x01	; 1
     1ec:	01 c0       	rjmp	.+2      	; 0x1f0 <ds3231_read_time+0x92>
		}
		if (st != 0x40) {
			//uart_write("I2C START R err\r\n");
			return 1;
     1ee:	81 e0       	ldi	r24, 0x01	; 1
	t->year  = bcd2dec(twi_read(0));   
		//uart_write("CHECKPOINT 5");
           // NACK último byte
	twi_stop();
	return 0;
}
     1f0:	df 91       	pop	r29
     1f2:	cf 91       	pop	r28
     1f4:	08 95       	ret

000001f6 <ds3231_check_alarm>:



uint8_t ds3231_check_alarm(void) {
     1f6:	cf 93       	push	r28
	if (twi_start(DS3231_ADDR_WRITE) != 0x18) return 0;
     1f8:	80 ed       	ldi	r24, 0xD0	; 208
     1fa:	0e 94 44 01 	call	0x288	; 0x288 <twi_start>
     1fe:	88 31       	cpi	r24, 0x18	; 24
     200:	99 f4       	brne	.+38     	; 0x228 <ds3231_check_alarm+0x32>
	twi_write(DS3231_STATUS_ADDR);
     202:	8f e0       	ldi	r24, 0x0F	; 15
     204:	0e 94 6a 01 	call	0x2d4	; 0x2d4 <twi_write>
	twi_stop();
     208:	0e 94 66 01 	call	0x2cc	; 0x2cc <twi_stop>
	
	if (twi_start(DS3231_ADDR_READ) != 0x40) return 0;
     20c:	81 ed       	ldi	r24, 0xD1	; 209
     20e:	0e 94 44 01 	call	0x288	; 0x288 <twi_start>
     212:	80 34       	cpi	r24, 0x40	; 64
     214:	59 f4       	brne	.+22     	; 0x22c <ds3231_check_alarm+0x36>
	uint8_t status = twi_read(0); // Leer con NACK
     216:	80 e0       	ldi	r24, 0x00	; 0
     218:	0e 94 74 01 	call	0x2e8	; 0x2e8 <twi_read>
     21c:	c8 2f       	mov	r28, r24
	twi_stop();
     21e:	0e 94 66 01 	call	0x2cc	; 0x2cc <twi_stop>
	
	return (status & 0x01); // Retorna 1 si la alarma 1 ha ocurrido
     222:	8c 2f       	mov	r24, r28
     224:	81 70       	andi	r24, 0x01	; 1
     226:	03 c0       	rjmp	.+6      	; 0x22e <ds3231_check_alarm+0x38>
}



uint8_t ds3231_check_alarm(void) {
	if (twi_start(DS3231_ADDR_WRITE) != 0x18) return 0;
     228:	80 e0       	ldi	r24, 0x00	; 0
     22a:	01 c0       	rjmp	.+2      	; 0x22e <ds3231_check_alarm+0x38>
	twi_write(DS3231_STATUS_ADDR);
	twi_stop();
	
	if (twi_start(DS3231_ADDR_READ) != 0x40) return 0;
     22c:	80 e0       	ldi	r24, 0x00	; 0
	uint8_t status = twi_read(0); // Leer con NACK
	twi_stop();
	
	return (status & 0x01); // Retorna 1 si la alarma 1 ha ocurrido
}
     22e:	cf 91       	pop	r28
     230:	08 95       	ret

00000232 <ds3231_clear_alarm>:

void ds3231_clear_alarm(void) {
	if (twi_start(DS3231_ADDR_WRITE) != 0x18) return;
     232:	80 ed       	ldi	r24, 0xD0	; 208
     234:	0e 94 44 01 	call	0x288	; 0x288 <twi_start>
     238:	88 31       	cpi	r24, 0x18	; 24
     23a:	41 f4       	brne	.+16     	; 0x24c <ds3231_clear_alarm+0x1a>
	twi_write(DS3231_STATUS_ADDR);
     23c:	8f e0       	ldi	r24, 0x0F	; 15
     23e:	0e 94 6a 01 	call	0x2d4	; 0x2d4 <twi_write>
	twi_write(0x00); // Limpiar flags de alarma
     242:	80 e0       	ldi	r24, 0x00	; 0
     244:	0e 94 6a 01 	call	0x2d4	; 0x2d4 <twi_write>
	twi_stop();
     248:	0e 94 66 01 	call	0x2cc	; 0x2cc <twi_stop>
     24c:	08 95       	ret

0000024e <twi_wait>:
}

#define TWI_TIMEOUT_CNT 30000

static uint8_t twi_wait(void) {
    uint16_t cnt = 0;
     24e:	80 e0       	ldi	r24, 0x00	; 0
     250:	90 e0       	ldi	r25, 0x00	; 0
    while (!(TWCR & (1<<TWINT))) {
     252:	0b c0       	rjmp	.+22     	; 0x26a <twi_wait+0x1c>
        if (++cnt >= TWI_TIMEOUT_CNT) {
     254:	01 96       	adiw	r24, 0x01	; 1
     256:	80 33       	cpi	r24, 0x30	; 48
     258:	25 e7       	ldi	r18, 0x75	; 117
     25a:	92 07       	cpc	r25, r18
     25c:	30 f0       	brcs	.+12     	; 0x26a <twi_wait+0x1c>
            uart_write("TWI TIMEOUT\r\n");
     25e:	82 e0       	ldi	r24, 0x02	; 2
     260:	91 e0       	ldi	r25, 0x01	; 1
     262:	0e 94 e2 01 	call	0x3c4	; 0x3c4 <uart_write>
            return 1;
     266:	81 e0       	ldi	r24, 0x01	; 1
     268:	08 95       	ret

#define TWI_TIMEOUT_CNT 30000

static uint8_t twi_wait(void) {
    uint16_t cnt = 0;
    while (!(TWCR & (1<<TWINT))) {
     26a:	20 91 bc 00 	lds	r18, 0x00BC	; 0x8000bc <__TEXT_REGION_LENGTH__+0x7f80bc>
     26e:	22 23       	and	r18, r18
     270:	8c f7       	brge	.-30     	; 0x254 <twi_wait+0x6>
        if (++cnt >= TWI_TIMEOUT_CNT) {
            uart_write("TWI TIMEOUT\r\n");
            return 1;
        }
    }
    return 0;
     272:	80 e0       	ldi	r24, 0x00	; 0
}
     274:	08 95       	ret

00000276 <twi_init>:
#define TWI_BITRATE  ((F_CPU/TWI_FREQ - 16UL)/2UL)


void twi_init(void)
{
	TWSR = 0;                                    // prescaler = 1
     276:	10 92 b9 00 	sts	0x00B9, r1	; 0x8000b9 <__TEXT_REGION_LENGTH__+0x7f80b9>
	TWBR = (uint8_t)(((F_CPU / 100000UL) - 16) / 2);   // 100 kHz
     27a:	88 e4       	ldi	r24, 0x48	; 72
     27c:	80 93 b8 00 	sts	0x00B8, r24	; 0x8000b8 <__TEXT_REGION_LENGTH__+0x7f80b8>
	TWCR = _BV(TWEN);                            // *** enable TWI ***
     280:	84 e0       	ldi	r24, 0x04	; 4
     282:	80 93 bc 00 	sts	0x00BC, r24	; 0x8000bc <__TEXT_REGION_LENGTH__+0x7f80bc>
     286:	08 95       	ret

00000288 <twi_start>:
    }
    return 0;
}

uint8_t twi_start(uint8_t addr_rw)
{
     288:	cf 93       	push	r28
     28a:	c8 2f       	mov	r28, r24
	// Generate START
	TWCR = _BV(TWINT) | _BV(TWSTA) | _BV(TWEN);
     28c:	84 ea       	ldi	r24, 0xA4	; 164
     28e:	80 93 bc 00 	sts	0x00BC, r24	; 0x8000bc <__TEXT_REGION_LENGTH__+0x7f80bc>
	if (twi_wait()) return 0xFF;
     292:	0e 94 27 01 	call	0x24e	; 0x24e <twi_wait>
     296:	81 11       	cpse	r24, r1
     298:	14 c0       	rjmp	.+40     	; 0x2c2 <twi_start+0x3a>

	uint8_t st = TWSR & 0xF8;           // 0x08 = START, 0x10 = REP-START
     29a:	80 91 b9 00 	lds	r24, 0x00B9	; 0x8000b9 <__TEXT_REGION_LENGTH__+0x7f80b9>
     29e:	88 7f       	andi	r24, 0xF8	; 248
	if (st != 0x08 && st != 0x10) {
     2a0:	88 30       	cpi	r24, 0x08	; 8
     2a2:	11 f0       	breq	.+4      	; 0x2a8 <twi_start+0x20>
     2a4:	80 31       	cpi	r24, 0x10	; 16
     2a6:	81 f4       	brne	.+32     	; 0x2c8 <twi_start+0x40>
		return st;                      // bus error – don’t continue
	}

	// Send address + R/W
	TWDR = addr_rw;
     2a8:	c0 93 bb 00 	sts	0x00BB, r28	; 0x8000bb <__TEXT_REGION_LENGTH__+0x7f80bb>
	TWCR = _BV(TWINT) | _BV(TWEN);
     2ac:	84 e8       	ldi	r24, 0x84	; 132
     2ae:	80 93 bc 00 	sts	0x00BC, r24	; 0x8000bc <__TEXT_REGION_LENGTH__+0x7f80bc>
	if (twi_wait()) return 0xFF;
     2b2:	0e 94 27 01 	call	0x24e	; 0x24e <twi_wait>
     2b6:	81 11       	cpse	r24, r1
     2b8:	06 c0       	rjmp	.+12     	; 0x2c6 <twi_start+0x3e>

	return (TWSR & 0xF8);               // 0x18 = SLA+W ACK, 0x40 = SLA+R ACK
     2ba:	80 91 b9 00 	lds	r24, 0x00B9	; 0x8000b9 <__TEXT_REGION_LENGTH__+0x7f80b9>
     2be:	88 7f       	andi	r24, 0xF8	; 248
     2c0:	03 c0       	rjmp	.+6      	; 0x2c8 <twi_start+0x40>

uint8_t twi_start(uint8_t addr_rw)
{
	// Generate START
	TWCR = _BV(TWINT) | _BV(TWSTA) | _BV(TWEN);
	if (twi_wait()) return 0xFF;
     2c2:	8f ef       	ldi	r24, 0xFF	; 255
     2c4:	01 c0       	rjmp	.+2      	; 0x2c8 <twi_start+0x40>
	}

	// Send address + R/W
	TWDR = addr_rw;
	TWCR = _BV(TWINT) | _BV(TWEN);
	if (twi_wait()) return 0xFF;
     2c6:	8f ef       	ldi	r24, 0xFF	; 255

	return (TWSR & 0xF8);               // 0x18 = SLA+W ACK, 0x40 = SLA+R ACK
}
     2c8:	cf 91       	pop	r28
     2ca:	08 95       	ret

000002cc <twi_stop>:

void twi_stop(void) {
	TWCR = (1<<TWINT)|(1<<TWEN)|(1<<TWSTO);
     2cc:	84 e9       	ldi	r24, 0x94	; 148
     2ce:	80 93 bc 00 	sts	0x00BC, r24	; 0x8000bc <__TEXT_REGION_LENGTH__+0x7f80bc>
     2d2:	08 95       	ret

000002d4 <twi_write>:
	// No esperamos TWINT aquí
}

void twi_write(uint8_t data)
{
	TWDR = data;//se carga el dato en el registro
     2d4:	80 93 bb 00 	sts	0x00BB, r24	; 0x8000bb <__TEXT_REGION_LENGTH__+0x7f80bb>
	TWCR = (1<<TWINT)|(1<<TWEN);//seteamos el reg de control
     2d8:	84 e8       	ldi	r24, 0x84	; 132
     2da:	80 93 bc 00 	sts	0x00BC, r24	; 0x8000bc <__TEXT_REGION_LENGTH__+0x7f80bc>
	while(!(TWCR & (1<<TWINT)));//esperamos a que termine
     2de:	80 91 bc 00 	lds	r24, 0x00BC	; 0x8000bc <__TEXT_REGION_LENGTH__+0x7f80bc>
     2e2:	88 23       	and	r24, r24
     2e4:	e4 f7       	brge	.-8      	; 0x2de <twi_write+0xa>
}
     2e6:	08 95       	ret

000002e8 <twi_read>:

uint8_t twi_read(uint8_t ack)
{
	uint8_t control_reg = (1<<TWINT) | (1<<TWEN);
	if(ack){ //si ack = 1 ponemos en 1 el bit de ack (TWEA)
     2e8:	81 11       	cpse	r24, r1
     2ea:	02 c0       	rjmp	.+4      	; 0x2f0 <twi_read+0x8>
	while(!(TWCR & (1<<TWINT)));//esperamos a que termine
}

uint8_t twi_read(uint8_t ack)
{
	uint8_t control_reg = (1<<TWINT) | (1<<TWEN);
     2ec:	84 e8       	ldi	r24, 0x84	; 132
     2ee:	01 c0       	rjmp	.+2      	; 0x2f2 <twi_read+0xa>
	if(ack){ //si ack = 1 ponemos en 1 el bit de ack (TWEA)
		control_reg |= (1<<TWEA);
     2f0:	84 ec       	ldi	r24, 0xC4	; 196
	}
	TWCR = control_reg;
     2f2:	80 93 bc 00 	sts	0x00BC, r24	; 0x8000bc <__TEXT_REGION_LENGTH__+0x7f80bc>
	while(!(TWCR & (1<<TWINT))); //esperamos que termine la lectura
     2f6:	80 91 bc 00 	lds	r24, 0x00BC	; 0x8000bc <__TEXT_REGION_LENGTH__+0x7f80bc>
     2fa:	88 23       	and	r24, r24
     2fc:	e4 f7       	brge	.-8      	; 0x2f6 <twi_read+0xe>
	return TWDR; //devuelve el dato leido
     2fe:	80 91 bb 00 	lds	r24, 0x00BB	; 0x8000bb <__TEXT_REGION_LENGTH__+0x7f80bb>
}
     302:	08 95       	ret

00000304 <uart_init_int>:
	return sig; 
}

void uart_init_int(void)
{
	UBRR0H = (uint8_t)((F_CPU/16/BAUD - 1) >> 8);
     304:	10 92 c5 00 	sts	0x00C5, r1	; 0x8000c5 <__TEXT_REGION_LENGTH__+0x7f80c5>
	UBRR0L = (uint8_t)((F_CPU/16/BAUD - 1));
     308:	87 e6       	ldi	r24, 0x67	; 103
     30a:	80 93 c4 00 	sts	0x00C4, r24	; 0x8000c4 <__TEXT_REGION_LENGTH__+0x7f80c4>
	UCSR0B = (1<<RXEN0)//habilito receptor
     30e:	88 e9       	ldi	r24, 0x98	; 152
     310:	80 93 c1 00 	sts	0x00C1, r24	; 0x8000c1 <__TEXT_REGION_LENGTH__+0x7f80c1>
	| (1<<TXEN0)//habilito transmisor
	| (1<<RXCIE0);
	UCSR0C = (1<<UCSZ01) 
     314:	86 e0       	ldi	r24, 0x06	; 6
     316:	80 93 c2 00 	sts	0x00C2, r24	; 0x8000c2 <__TEXT_REGION_LENGTH__+0x7f80c2>
	| (1<<UCSZ00);//formato --> 8 bits - sin bit de paridad - 1 stop bit
	sei();
     31a:	78 94       	sei
     31c:	08 95       	ret

0000031e <__vector_18>:
}

ISR(USART_RX_vect)
{
     31e:	1f 92       	push	r1
     320:	0f 92       	push	r0
     322:	0f b6       	in	r0, 0x3f	; 63
     324:	0f 92       	push	r0
     326:	11 24       	eor	r1, r1
     328:	8f 93       	push	r24
     32a:	9f 93       	push	r25
     32c:	ef 93       	push	r30
     32e:	ff 93       	push	r31
	uint8_t sig = buf_inc(rx_ini);
     330:	80 91 cd 02 	lds	r24, 0x02CD	; 0x8002cd <rx_ini>

static volatile char tx_buf[BUFSZ]; //bufer transmision
static volatile uint8_t tx_ini, tx_fin;

static inline uint8_t buf_inc(uint8_t p) {
	uint8_t sig = p + 1; //suma 1 al indice
     334:	8f 5f       	subi	r24, 0xFF	; 255
	if(sig >= BUFSZ){ //si el buffer se lleno se vuelve al inicio
     336:	80 34       	cpi	r24, 0x40	; 64
     338:	08 f0       	brcs	.+2      	; 0x33c <__vector_18+0x1e>
		sig = 0;
     33a:	80 e0       	ldi	r24, 0x00	; 0
}

ISR(USART_RX_vect)
{
	uint8_t sig = buf_inc(rx_ini);
	rx_buf[rx_ini] = UDR0;
     33c:	e0 91 cd 02 	lds	r30, 0x02CD	; 0x8002cd <rx_ini>
     340:	f0 e0       	ldi	r31, 0x00	; 0
     342:	90 91 c6 00 	lds	r25, 0x00C6	; 0x8000c6 <__TEXT_REGION_LENGTH__+0x7f80c6>
     346:	e2 53       	subi	r30, 0x32	; 50
     348:	fd 4f       	sbci	r31, 0xFD	; 253
     34a:	90 83       	st	Z, r25
	if (sig != rx_fin){ 
     34c:	90 91 cc 02 	lds	r25, 0x02CC	; 0x8002cc <rx_fin>
     350:	98 13       	cpse	r25, r24
		rx_ini = sig; 
     352:	80 93 cd 02 	sts	0x02CD, r24	; 0x8002cd <rx_ini>
	}   
}
     356:	ff 91       	pop	r31
     358:	ef 91       	pop	r30
     35a:	9f 91       	pop	r25
     35c:	8f 91       	pop	r24
     35e:	0f 90       	pop	r0
     360:	0f be       	out	0x3f, r0	; 63
     362:	0f 90       	pop	r0
     364:	1f 90       	pop	r1
     366:	18 95       	reti

00000368 <__vector_19>:

ISR(USART_UDRE_vect)
{
     368:	1f 92       	push	r1
     36a:	0f 92       	push	r0
     36c:	0f b6       	in	r0, 0x3f	; 63
     36e:	0f 92       	push	r0
     370:	11 24       	eor	r1, r1
     372:	8f 93       	push	r24
     374:	9f 93       	push	r25
     376:	ef 93       	push	r30
     378:	ff 93       	push	r31
	if (tx_ini == tx_fin) {//cola vacia--> paro interrupcion
     37a:	90 91 8b 02 	lds	r25, 0x028B	; 0x80028b <tx_ini>
     37e:	80 91 8a 02 	lds	r24, 0x028A	; 0x80028a <__data_end>
     382:	98 13       	cpse	r25, r24
     384:	06 c0       	rjmp	.+12     	; 0x392 <__vector_19+0x2a>
		UCSR0B &= ~(1<<UDRIE0);
     386:	e1 ec       	ldi	r30, 0xC1	; 193
     388:	f0 e0       	ldi	r31, 0x00	; 0
     38a:	80 81       	ld	r24, Z
     38c:	8f 7d       	andi	r24, 0xDF	; 223
     38e:	80 83       	st	Z, r24
     390:	10 c0       	rjmp	.+32     	; 0x3b2 <__vector_19+0x4a>
	} else {
		UDR0 = tx_buf[tx_fin];
     392:	e0 91 8a 02 	lds	r30, 0x028A	; 0x80028a <__data_end>
     396:	f0 e0       	ldi	r31, 0x00	; 0
     398:	e4 57       	subi	r30, 0x74	; 116
     39a:	fd 4f       	sbci	r31, 0xFD	; 253
     39c:	80 81       	ld	r24, Z
     39e:	80 93 c6 00 	sts	0x00C6, r24	; 0x8000c6 <__TEXT_REGION_LENGTH__+0x7f80c6>
		tx_fin = buf_inc(tx_fin);
     3a2:	80 91 8a 02 	lds	r24, 0x028A	; 0x80028a <__data_end>

static volatile char tx_buf[BUFSZ]; //bufer transmision
static volatile uint8_t tx_ini, tx_fin;

static inline uint8_t buf_inc(uint8_t p) {
	uint8_t sig = p + 1; //suma 1 al indice
     3a6:	8f 5f       	subi	r24, 0xFF	; 255
	if(sig >= BUFSZ){ //si el buffer se lleno se vuelve al inicio
     3a8:	80 34       	cpi	r24, 0x40	; 64
     3aa:	08 f0       	brcs	.+2      	; 0x3ae <__vector_19+0x46>
		sig = 0;
     3ac:	80 e0       	ldi	r24, 0x00	; 0
{
	if (tx_ini == tx_fin) {//cola vacia--> paro interrupcion
		UCSR0B &= ~(1<<UDRIE0);
	} else {
		UDR0 = tx_buf[tx_fin];
		tx_fin = buf_inc(tx_fin);
     3ae:	80 93 8a 02 	sts	0x028A, r24	; 0x80028a <__data_end>
	}
}
     3b2:	ff 91       	pop	r31
     3b4:	ef 91       	pop	r30
     3b6:	9f 91       	pop	r25
     3b8:	8f 91       	pop	r24
     3ba:	0f 90       	pop	r0
     3bc:	0f be       	out	0x3f, r0	; 63
     3be:	0f 90       	pop	r0
     3c0:	1f 90       	pop	r1
     3c2:	18 95       	reti

000003c4 <uart_write>:

void uart_write(const char *s)
{
     3c4:	dc 01       	movw	r26, r24
	while (*s) {
     3c6:	13 c0       	rjmp	.+38     	; 0x3ee <uart_write+0x2a>
		uint8_t nxt = buf_inc(tx_ini);
     3c8:	20 91 8b 02 	lds	r18, 0x028B	; 0x80028b <tx_ini>

static volatile char tx_buf[BUFSZ]; //bufer transmision
static volatile uint8_t tx_ini, tx_fin;

static inline uint8_t buf_inc(uint8_t p) {
	uint8_t sig = p + 1; //suma 1 al indice
     3cc:	2f 5f       	subi	r18, 0xFF	; 255
	if(sig >= BUFSZ){ //si el buffer se lleno se vuelve al inicio
     3ce:	20 34       	cpi	r18, 0x40	; 64
     3d0:	08 f0       	brcs	.+2      	; 0x3d4 <uart_write+0x10>
		sig = 0;
     3d2:	20 e0       	ldi	r18, 0x00	; 0

void uart_write(const char *s)
{
	while (*s) {
		uint8_t nxt = buf_inc(tx_ini);
		while (nxt == tx_fin) ;         /* wait if queue full           */
     3d4:	90 91 8a 02 	lds	r25, 0x028A	; 0x80028a <__data_end>
     3d8:	92 17       	cp	r25, r18
     3da:	e1 f3       	breq	.-8      	; 0x3d4 <uart_write+0x10>
		tx_buf[tx_ini] = *s++;
     3dc:	e0 91 8b 02 	lds	r30, 0x028B	; 0x80028b <tx_ini>
     3e0:	f0 e0       	ldi	r31, 0x00	; 0
     3e2:	11 96       	adiw	r26, 0x01	; 1
     3e4:	e4 57       	subi	r30, 0x74	; 116
     3e6:	fd 4f       	sbci	r31, 0xFD	; 253
     3e8:	80 83       	st	Z, r24
		tx_ini = nxt;
     3ea:	20 93 8b 02 	sts	0x028B, r18	; 0x80028b <tx_ini>
	}
}

void uart_write(const char *s)
{
	while (*s) {
     3ee:	8c 91       	ld	r24, X
     3f0:	81 11       	cpse	r24, r1
     3f2:	ea cf       	rjmp	.-44     	; 0x3c8 <uart_write+0x4>
		uint8_t nxt = buf_inc(tx_ini);
		while (nxt == tx_fin) ;         /* wait if queue full           */
		tx_buf[tx_ini] = *s++;
		tx_ini = nxt;
	}
	UCSR0B |= (1<<UDRIE0);               /* kick TX ISR                  */
     3f4:	e1 ec       	ldi	r30, 0xC1	; 193
     3f6:	f0 e0       	ldi	r31, 0x00	; 0
     3f8:	80 81       	ld	r24, Z
     3fa:	80 62       	ori	r24, 0x20	; 32
     3fc:	80 83       	st	Z, r24
     3fe:	08 95       	ret

00000400 <uart_available>:
}

uint8_t uart_available(void) { return (BUFSZ + rx_ini - rx_fin) & (BUFSZ-1); }
     400:	80 91 cd 02 	lds	r24, 0x02CD	; 0x8002cd <rx_ini>
     404:	90 91 cc 02 	lds	r25, 0x02CC	; 0x8002cc <rx_fin>
     408:	89 1b       	sub	r24, r25
     40a:	8f 73       	andi	r24, 0x3F	; 63
     40c:	08 95       	ret

0000040e <uart_read>:

char uart_read(void)
{
	char c = 0;
	if (rx_ini != rx_fin) {
     40e:	90 91 cd 02 	lds	r25, 0x02CD	; 0x8002cd <rx_ini>
     412:	80 91 cc 02 	lds	r24, 0x02CC	; 0x8002cc <rx_fin>
     416:	98 17       	cp	r25, r24
     418:	79 f0       	breq	.+30     	; 0x438 <uart_read+0x2a>
		c = rx_buf[rx_fin];
     41a:	e0 91 cc 02 	lds	r30, 0x02CC	; 0x8002cc <rx_fin>
     41e:	f0 e0       	ldi	r31, 0x00	; 0
     420:	e2 53       	subi	r30, 0x32	; 50
     422:	fd 4f       	sbci	r31, 0xFD	; 253
     424:	80 81       	ld	r24, Z
		rx_fin = buf_inc(rx_fin);
     426:	90 91 cc 02 	lds	r25, 0x02CC	; 0x8002cc <rx_fin>

static volatile char tx_buf[BUFSZ]; //bufer transmision
static volatile uint8_t tx_ini, tx_fin;

static inline uint8_t buf_inc(uint8_t p) {
	uint8_t sig = p + 1; //suma 1 al indice
     42a:	9f 5f       	subi	r25, 0xFF	; 255
	if(sig >= BUFSZ){ //si el buffer se lleno se vuelve al inicio
     42c:	90 34       	cpi	r25, 0x40	; 64
     42e:	08 f0       	brcs	.+2      	; 0x432 <uart_read+0x24>
		sig = 0;
     430:	90 e0       	ldi	r25, 0x00	; 0
char uart_read(void)
{
	char c = 0;
	if (rx_ini != rx_fin) {
		c = rx_buf[rx_fin];
		rx_fin = buf_inc(rx_fin);
     432:	90 93 cc 02 	sts	0x02CC, r25	; 0x8002cc <rx_fin>
     436:	08 95       	ret

uint8_t uart_available(void) { return (BUFSZ + rx_ini - rx_fin) & (BUFSZ-1); }

char uart_read(void)
{
	char c = 0;
     438:	80 e0       	ldi	r24, 0x00	; 0
	if (rx_ini != rx_fin) {
		c = rx_buf[rx_fin];
		rx_fin = buf_inc(rx_fin);
	}
	return c;
}
     43a:	08 95       	ret

0000043c <rx_line_ready>:
static uint8_t alarm_count = 0;
static uint8_t last_minute = 0xFF;
uint8_t last_sec = 0xFF;  // valor inválido inicial


static uint8_t rx_line_ready(void) {
     43c:	cf 93       	push	r28
     43e:	df 93       	push	r29
	while (uart_available()) {
     440:	33 c0       	rjmp	.+102    	; 0x4a8 <rx_line_ready+0x6c>
		char c = uart_read();
     442:	0e 94 07 02 	call	0x40e	; 0x40e <uart_read>
     446:	c8 2f       	mov	r28, r24

		//borrado de caracter 
		if (c == '\b' || c == 0x7F) {
     448:	88 30       	cpi	r24, 0x08	; 8
     44a:	11 f0       	breq	.+4      	; 0x450 <rx_line_ready+0x14>
     44c:	8f 37       	cpi	r24, 0x7F	; 127
     44e:	41 f4       	brne	.+16     	; 0x460 <rx_line_ready+0x24>
			if (cmd_len > 0) {
     450:	80 91 13 03 	lds	r24, 0x0313	; 0x800313 <cmd_len>
     454:	88 23       	and	r24, r24
     456:	41 f1       	breq	.+80     	; 0x4a8 <rx_line_ready+0x6c>
				cmd_len--;
     458:	81 50       	subi	r24, 0x01	; 1
     45a:	80 93 13 03 	sts	0x0313, r24	; 0x800313 <cmd_len>
			}
			continue;
     45e:	24 c0       	rjmp	.+72     	; 0x4a8 <rx_line_ready+0x6c>
		}

		//fin linea
		if (c == '\r' || c == '\n') {
     460:	8d 30       	cpi	r24, 0x0D	; 13
     462:	11 f0       	breq	.+4      	; 0x468 <rx_line_ready+0x2c>
     464:	8a 30       	cpi	r24, 0x0A	; 10
     466:	71 f4       	brne	.+28     	; 0x484 <rx_line_ready+0x48>
			cmd_buf[cmd_len] = '\0';
     468:	e0 91 13 03 	lds	r30, 0x0313	; 0x800313 <cmd_len>
     46c:	f0 e0       	ldi	r31, 0x00	; 0
     46e:	ec 5e       	subi	r30, 0xEC	; 236
     470:	fc 4f       	sbci	r31, 0xFC	; 252
     472:	10 82       	st	Z, r1
			cmd_len = 0;
     474:	10 92 13 03 	sts	0x0313, r1	; 0x800313 <cmd_len>
			uart_write("\r\n");
     478:	81 e7       	ldi	r24, 0x71	; 113
     47a:	91 e0       	ldi	r25, 0x01	; 1
     47c:	0e 94 e2 01 	call	0x3c4	; 0x3c4 <uart_write>
			return 1;
     480:	81 e0       	ldi	r24, 0x01	; 1
     482:	16 c0       	rjmp	.+44     	; 0x4b0 <rx_line_ready+0x74>
		}

		
		if (cmd_len < BUFFER_SIZE - 1 && isprint((unsigned char)c)) {
     484:	d0 91 13 03 	lds	r29, 0x0313	; 0x800313 <cmd_len>
     488:	df 31       	cpi	r29, 0x1F	; 31
     48a:	70 f4       	brcc	.+28     	; 0x4a8 <rx_line_ready+0x6c>
     48c:	90 e0       	ldi	r25, 0x00	; 0
     48e:	0e 94 a6 05 	call	0xb4c	; 0xb4c <isprint>
     492:	89 2b       	or	r24, r25
     494:	49 f0       	breq	.+18     	; 0x4a8 <rx_line_ready+0x6c>
			cmd_buf[cmd_len++] = c;
     496:	81 e0       	ldi	r24, 0x01	; 1
     498:	8d 0f       	add	r24, r29
     49a:	80 93 13 03 	sts	0x0313, r24	; 0x800313 <cmd_len>
     49e:	ed 2f       	mov	r30, r29
     4a0:	f0 e0       	ldi	r31, 0x00	; 0
     4a2:	ec 5e       	subi	r30, 0xEC	; 236
     4a4:	fc 4f       	sbci	r31, 0xFC	; 252
     4a6:	c0 83       	st	Z, r28
static uint8_t last_minute = 0xFF;
uint8_t last_sec = 0xFF;  // valor inválido inicial


static uint8_t rx_line_ready(void) {
	while (uart_available()) {
     4a8:	0e 94 00 02 	call	0x400	; 0x400 <uart_available>
     4ac:	81 11       	cpse	r24, r1
     4ae:	c9 cf       	rjmp	.-110    	; 0x442 <rx_line_ready+0x6>
			cmd_buf[cmd_len++] = c;
		}
		
	}
	return 0;
}
     4b0:	df 91       	pop	r29
     4b2:	cf 91       	pop	r28
     4b4:	08 95       	ret

000004b6 <handle_set_time>:
		}
		last_minute = now.min;
	}
}

static uint8_t handle_set_time(const char *p) {
     4b6:	ef 92       	push	r14
     4b8:	ff 92       	push	r15
     4ba:	0f 93       	push	r16
     4bc:	1f 93       	push	r17
     4be:	cf 93       	push	r28
     4c0:	df 93       	push	r29
     4c2:	cd b7       	in	r28, 0x3d	; 61
     4c4:	de b7       	in	r29, 0x3e	; 62
     4c6:	27 97       	sbiw	r28, 0x07	; 7
     4c8:	0f b6       	in	r0, 0x3f	; 63
     4ca:	f8 94       	cli
     4cc:	de bf       	out	0x3e, r29	; 62
     4ce:	0f be       	out	0x3f, r0	; 63
     4d0:	cd bf       	out	0x3d, r28	; 61
	if (strlen(p) == 17
     4d2:	fc 01       	movw	r30, r24
     4d4:	01 90       	ld	r0, Z+
     4d6:	00 20       	and	r0, r0
     4d8:	e9 f7       	brne	.-6      	; 0x4d4 <handle_set_time+0x1e>
     4da:	31 97       	sbiw	r30, 0x01	; 1
     4dc:	e8 1b       	sub	r30, r24
     4de:	f9 0b       	sbc	r31, r25
     4e0:	71 97       	sbiw	r30, 0x11	; 17
     4e2:	09 f0       	breq	.+2      	; 0x4e6 <handle_set_time+0x30>
     4e4:	f6 c0       	rjmp	.+492    	; 0x6d2 <handle_set_time+0x21c>
	&& p[2]=='/' && p[5]=='/' && p[8]==' '
     4e6:	dc 01       	movw	r26, r24
     4e8:	12 96       	adiw	r26, 0x02	; 2
     4ea:	2c 91       	ld	r18, X
     4ec:	12 97       	sbiw	r26, 0x02	; 2
     4ee:	2f 32       	cpi	r18, 0x2F	; 47
     4f0:	09 f0       	breq	.+2      	; 0x4f4 <handle_set_time+0x3e>
     4f2:	ef c0       	rjmp	.+478    	; 0x6d2 <handle_set_time+0x21c>
     4f4:	15 96       	adiw	r26, 0x05	; 5
     4f6:	2c 91       	ld	r18, X
     4f8:	15 97       	sbiw	r26, 0x05	; 5
     4fa:	2f 32       	cpi	r18, 0x2F	; 47
     4fc:	09 f0       	breq	.+2      	; 0x500 <handle_set_time+0x4a>
     4fe:	e9 c0       	rjmp	.+466    	; 0x6d2 <handle_set_time+0x21c>
     500:	18 96       	adiw	r26, 0x08	; 8
     502:	2c 91       	ld	r18, X
     504:	18 97       	sbiw	r26, 0x08	; 8
     506:	20 32       	cpi	r18, 0x20	; 32
     508:	09 f0       	breq	.+2      	; 0x50c <handle_set_time+0x56>
     50a:	e3 c0       	rjmp	.+454    	; 0x6d2 <handle_set_time+0x21c>
	&& p[11]==':' && p[14]==':'
     50c:	1b 96       	adiw	r26, 0x0b	; 11
     50e:	2c 91       	ld	r18, X
     510:	1b 97       	sbiw	r26, 0x0b	; 11
     512:	2a 33       	cpi	r18, 0x3A	; 58
     514:	09 f0       	breq	.+2      	; 0x518 <handle_set_time+0x62>
     516:	dd c0       	rjmp	.+442    	; 0x6d2 <handle_set_time+0x21c>
     518:	1e 96       	adiw	r26, 0x0e	; 14
     51a:	2c 91       	ld	r18, X
     51c:	1e 97       	sbiw	r26, 0x0e	; 14
     51e:	2a 33       	cpi	r18, 0x3A	; 58
     520:	09 f0       	breq	.+2      	; 0x524 <handle_set_time+0x6e>
     522:	d7 c0       	rjmp	.+430    	; 0x6d2 <handle_set_time+0x21c>
	&& isdigit((unsigned char)p[0]) && isdigit((unsigned char)p[1])
     524:	0c 91       	ld	r16, X
     526:	20 2f       	mov	r18, r16
     528:	30 e0       	ldi	r19, 0x00	; 0
     52a:	20 53       	subi	r18, 0x30	; 48
     52c:	31 09       	sbc	r19, r1
     52e:	2a 30       	cpi	r18, 0x0A	; 10
     530:	31 05       	cpc	r19, r1
     532:	08 f0       	brcs	.+2      	; 0x536 <handle_set_time+0x80>
     534:	ce c0       	rjmp	.+412    	; 0x6d2 <handle_set_time+0x21c>
     536:	11 96       	adiw	r26, 0x01	; 1
     538:	1c 91       	ld	r17, X
     53a:	11 97       	sbiw	r26, 0x01	; 1
     53c:	21 2f       	mov	r18, r17
     53e:	30 e0       	ldi	r19, 0x00	; 0
     540:	20 53       	subi	r18, 0x30	; 48
     542:	31 09       	sbc	r19, r1
     544:	2a 30       	cpi	r18, 0x0A	; 10
     546:	31 05       	cpc	r19, r1
     548:	08 f0       	brcs	.+2      	; 0x54c <handle_set_time+0x96>
     54a:	c3 c0       	rjmp	.+390    	; 0x6d2 <handle_set_time+0x21c>
	&& isdigit((unsigned char)p[3]) && isdigit((unsigned char)p[4])
     54c:	13 96       	adiw	r26, 0x03	; 3
     54e:	2c 91       	ld	r18, X
     550:	13 97       	sbiw	r26, 0x03	; 3
     552:	30 e0       	ldi	r19, 0x00	; 0
     554:	20 53       	subi	r18, 0x30	; 48
     556:	31 09       	sbc	r19, r1
     558:	2a 30       	cpi	r18, 0x0A	; 10
     55a:	31 05       	cpc	r19, r1
     55c:	08 f0       	brcs	.+2      	; 0x560 <handle_set_time+0xaa>
     55e:	b9 c0       	rjmp	.+370    	; 0x6d2 <handle_set_time+0x21c>
     560:	14 96       	adiw	r26, 0x04	; 4
     562:	2c 91       	ld	r18, X
     564:	14 97       	sbiw	r26, 0x04	; 4
     566:	30 e0       	ldi	r19, 0x00	; 0
     568:	20 53       	subi	r18, 0x30	; 48
     56a:	31 09       	sbc	r19, r1
     56c:	2a 30       	cpi	r18, 0x0A	; 10
     56e:	31 05       	cpc	r19, r1
     570:	08 f0       	brcs	.+2      	; 0x574 <handle_set_time+0xbe>
     572:	af c0       	rjmp	.+350    	; 0x6d2 <handle_set_time+0x21c>
	&& isdigit((unsigned char)p[6]) && isdigit((unsigned char)p[7])
     574:	16 96       	adiw	r26, 0x06	; 6
     576:	5c 91       	ld	r21, X
     578:	16 97       	sbiw	r26, 0x06	; 6
     57a:	25 2f       	mov	r18, r21
     57c:	30 e0       	ldi	r19, 0x00	; 0
     57e:	20 53       	subi	r18, 0x30	; 48
     580:	31 09       	sbc	r19, r1
     582:	2a 30       	cpi	r18, 0x0A	; 10
     584:	31 05       	cpc	r19, r1
     586:	08 f0       	brcs	.+2      	; 0x58a <handle_set_time+0xd4>
     588:	a4 c0       	rjmp	.+328    	; 0x6d2 <handle_set_time+0x21c>
     58a:	17 96       	adiw	r26, 0x07	; 7
     58c:	bc 91       	ld	r27, X
     58e:	2b 2f       	mov	r18, r27
     590:	30 e0       	ldi	r19, 0x00	; 0
     592:	20 53       	subi	r18, 0x30	; 48
     594:	31 09       	sbc	r19, r1
     596:	2a 30       	cpi	r18, 0x0A	; 10
     598:	31 05       	cpc	r19, r1
     59a:	08 f0       	brcs	.+2      	; 0x59e <handle_set_time+0xe8>
     59c:	9a c0       	rjmp	.+308    	; 0x6d2 <handle_set_time+0x21c>
	&& isdigit((unsigned char)p[9]) && isdigit((unsigned char)p[10])
     59e:	fc 01       	movw	r30, r24
     5a0:	41 85       	ldd	r20, Z+9	; 0x09
     5a2:	24 2f       	mov	r18, r20
     5a4:	30 e0       	ldi	r19, 0x00	; 0
     5a6:	20 53       	subi	r18, 0x30	; 48
     5a8:	31 09       	sbc	r19, r1
     5aa:	2a 30       	cpi	r18, 0x0A	; 10
     5ac:	31 05       	cpc	r19, r1
     5ae:	08 f0       	brcs	.+2      	; 0x5b2 <handle_set_time+0xfc>
     5b0:	90 c0       	rjmp	.+288    	; 0x6d2 <handle_set_time+0x21c>
     5b2:	a2 85       	ldd	r26, Z+10	; 0x0a
     5b4:	2a 2f       	mov	r18, r26
     5b6:	30 e0       	ldi	r19, 0x00	; 0
     5b8:	20 53       	subi	r18, 0x30	; 48
     5ba:	31 09       	sbc	r19, r1
     5bc:	2a 30       	cpi	r18, 0x0A	; 10
     5be:	31 05       	cpc	r19, r1
     5c0:	08 f0       	brcs	.+2      	; 0x5c4 <handle_set_time+0x10e>
     5c2:	87 c0       	rjmp	.+270    	; 0x6d2 <handle_set_time+0x21c>
	&& isdigit((unsigned char)p[12]) && isdigit((unsigned char)p[13])
     5c4:	34 85       	ldd	r19, Z+12	; 0x0c
     5c6:	63 2f       	mov	r22, r19
     5c8:	70 e0       	ldi	r23, 0x00	; 0
     5ca:	60 53       	subi	r22, 0x30	; 48
     5cc:	71 09       	sbc	r23, r1
     5ce:	6a 30       	cpi	r22, 0x0A	; 10
     5d0:	71 05       	cpc	r23, r1
     5d2:	08 f0       	brcs	.+2      	; 0x5d6 <handle_set_time+0x120>
     5d4:	7e c0       	rjmp	.+252    	; 0x6d2 <handle_set_time+0x21c>
     5d6:	75 85       	ldd	r23, Z+13	; 0x0d
     5d8:	e7 2e       	mov	r14, r23
     5da:	f1 2c       	mov	r15, r1
     5dc:	f0 e3       	ldi	r31, 0x30	; 48
     5de:	ef 1a       	sub	r14, r31
     5e0:	f1 08       	sbc	r15, r1
     5e2:	2a e0       	ldi	r18, 0x0A	; 10
     5e4:	e2 16       	cp	r14, r18
     5e6:	f1 04       	cpc	r15, r1
     5e8:	08 f0       	brcs	.+2      	; 0x5ec <handle_set_time+0x136>
     5ea:	73 c0       	rjmp	.+230    	; 0x6d2 <handle_set_time+0x21c>
	&& isdigit((unsigned char)p[15]) && isdigit((unsigned char)p[16])
     5ec:	fc 01       	movw	r30, r24
     5ee:	27 85       	ldd	r18, Z+15	; 0x0f
     5f0:	e2 2e       	mov	r14, r18
     5f2:	f1 2c       	mov	r15, r1
     5f4:	f0 e3       	ldi	r31, 0x30	; 48
     5f6:	ef 1a       	sub	r14, r31
     5f8:	f1 08       	sbc	r15, r1
     5fa:	6a e0       	ldi	r22, 0x0A	; 10
     5fc:	e6 16       	cp	r14, r22
     5fe:	f1 04       	cpc	r15, r1
     600:	08 f0       	brcs	.+2      	; 0x604 <handle_set_time+0x14e>
     602:	67 c0       	rjmp	.+206    	; 0x6d2 <handle_set_time+0x21c>
     604:	fc 01       	movw	r30, r24
     606:	60 89       	ldd	r22, Z+16	; 0x10
     608:	e6 2e       	mov	r14, r22
     60a:	f1 2c       	mov	r15, r1
     60c:	f0 e3       	ldi	r31, 0x30	; 48
     60e:	ef 1a       	sub	r14, r31
     610:	f1 08       	sbc	r15, r1
     612:	ea e0       	ldi	r30, 0x0A	; 10
     614:	ee 16       	cp	r14, r30
     616:	f1 04       	cpc	r15, r1
     618:	08 f0       	brcs	.+2      	; 0x61c <handle_set_time+0x166>
     61a:	5b c0       	rjmp	.+182    	; 0x6d2 <handle_set_time+0x21c>
	)
	{
		rtc_time_t t;
		t.date  = (p[0]-'0')*10 + (p[1]-'0');
     61c:	e0 2f       	mov	r30, r16
     61e:	f0 e0       	ldi	r31, 0x00	; 0
     620:	f0 97       	sbiw	r30, 0x30	; 48
     622:	ee 0f       	add	r30, r30
     624:	fe 2f       	mov	r31, r30
     626:	ff 0f       	add	r31, r31
     628:	ff 0f       	add	r31, r31
     62a:	ef 0f       	add	r30, r31
     62c:	e1 0f       	add	r30, r17
     62e:	e0 53       	subi	r30, 0x30	; 48
     630:	ed 83       	std	Y+5, r30	; 0x05
		t.month = (p[3]-'0')*10 + (p[4]-'0');
     632:	fc 01       	movw	r30, r24
     634:	13 81       	ldd	r17, Z+3	; 0x03
     636:	e1 2f       	mov	r30, r17
     638:	f0 e0       	ldi	r31, 0x00	; 0
     63a:	f0 97       	sbiw	r30, 0x30	; 48
     63c:	ee 0f       	add	r30, r30
     63e:	fe 2f       	mov	r31, r30
     640:	ff 0f       	add	r31, r31
     642:	ff 0f       	add	r31, r31
     644:	1e 2f       	mov	r17, r30
     646:	1f 0f       	add	r17, r31
     648:	fc 01       	movw	r30, r24
     64a:	84 81       	ldd	r24, Z+4	; 0x04
     64c:	81 0f       	add	r24, r17
     64e:	80 53       	subi	r24, 0x30	; 48
     650:	8e 83       	std	Y+6, r24	; 0x06
		t.year  = (p[6]-'0')*10 + (p[7]-'0');
     652:	85 2f       	mov	r24, r21
     654:	90 e0       	ldi	r25, 0x00	; 0
     656:	c0 97       	sbiw	r24, 0x30	; 48
     658:	88 0f       	add	r24, r24
     65a:	98 2f       	mov	r25, r24
     65c:	99 0f       	add	r25, r25
     65e:	99 0f       	add	r25, r25
     660:	89 0f       	add	r24, r25
     662:	8b 0f       	add	r24, r27
     664:	80 53       	subi	r24, 0x30	; 48
     666:	8f 83       	std	Y+7, r24	; 0x07
		t.hour  = (p[9]-'0')*10 + (p[10]-'0');
     668:	84 2f       	mov	r24, r20
     66a:	90 e0       	ldi	r25, 0x00	; 0
     66c:	c0 97       	sbiw	r24, 0x30	; 48
     66e:	88 0f       	add	r24, r24
     670:	98 2f       	mov	r25, r24
     672:	99 0f       	add	r25, r25
     674:	99 0f       	add	r25, r25
     676:	89 0f       	add	r24, r25
     678:	8a 0f       	add	r24, r26
     67a:	80 53       	subi	r24, 0x30	; 48
     67c:	8b 83       	std	Y+3, r24	; 0x03
		t.min   = (p[12]-'0')*10 + (p[13]-'0');
     67e:	83 2f       	mov	r24, r19
     680:	90 e0       	ldi	r25, 0x00	; 0
     682:	c0 97       	sbiw	r24, 0x30	; 48
     684:	88 0f       	add	r24, r24
     686:	98 2f       	mov	r25, r24
     688:	99 0f       	add	r25, r25
     68a:	99 0f       	add	r25, r25
     68c:	89 0f       	add	r24, r25
     68e:	87 0f       	add	r24, r23
     690:	80 53       	subi	r24, 0x30	; 48
     692:	8a 83       	std	Y+2, r24	; 0x02
		t.sec   = (p[15]-'0')*10 + (p[16]-'0');
     694:	82 2f       	mov	r24, r18
     696:	90 e0       	ldi	r25, 0x00	; 0
     698:	c0 97       	sbiw	r24, 0x30	; 48
     69a:	88 0f       	add	r24, r24
     69c:	98 2f       	mov	r25, r24
     69e:	99 0f       	add	r25, r25
     6a0:	99 0f       	add	r25, r25
     6a2:	89 0f       	add	r24, r25
     6a4:	86 0f       	add	r24, r22
     6a6:	80 53       	subi	r24, 0x30	; 48
     6a8:	89 83       	std	Y+1, r24	; 0x01
		t.day   = 1;
     6aa:	81 e0       	ldi	r24, 0x01	; 1
     6ac:	8c 83       	std	Y+4, r24	; 0x04

		if (ds3231_set_time(&t) == 0) {
     6ae:	ce 01       	movw	r24, r28
     6b0:	01 96       	adiw	r24, 0x01	; 1
     6b2:	0e 94 79 00 	call	0xf2	; 0xf2 <ds3231_set_time>
     6b6:	81 11       	cpse	r24, r1
     6b8:	06 c0       	rjmp	.+12     	; 0x6c6 <handle_set_time+0x210>
			uart_write("OK\r\n");
     6ba:	80 e1       	ldi	r24, 0x10	; 16
     6bc:	91 e0       	ldi	r25, 0x01	; 1
     6be:	0e 94 e2 01 	call	0x3c4	; 0x3c4 <uart_write>
			return 1; 
     6c2:	81 e0       	ldi	r24, 0x01	; 1
     6c4:	0b c0       	rjmp	.+22     	; 0x6dc <handle_set_time+0x226>
		} else {
			uart_write("ERROR I2C\r\n");
     6c6:	85 e1       	ldi	r24, 0x15	; 21
     6c8:	91 e0       	ldi	r25, 0x01	; 1
     6ca:	0e 94 e2 01 	call	0x3c4	; 0x3c4 <uart_write>
		}
	} else {
		uart_write("FORMATO ERRONEO\r\n");
	}
	return 0;  
     6ce:	80 e0       	ldi	r24, 0x00	; 0
	&& isdigit((unsigned char)p[6]) && isdigit((unsigned char)p[7])
	&& isdigit((unsigned char)p[9]) && isdigit((unsigned char)p[10])
	&& isdigit((unsigned char)p[12]) && isdigit((unsigned char)p[13])
	&& isdigit((unsigned char)p[15]) && isdigit((unsigned char)p[16])
	)
	{
     6d0:	05 c0       	rjmp	.+10     	; 0x6dc <handle_set_time+0x226>
			return 1; 
		} else {
			uart_write("ERROR I2C\r\n");
		}
	} else {
		uart_write("FORMATO ERRONEO\r\n");
     6d2:	81 e2       	ldi	r24, 0x21	; 33
     6d4:	91 e0       	ldi	r25, 0x01	; 1
     6d6:	0e 94 e2 01 	call	0x3c4	; 0x3c4 <uart_write>
	}
	return 0;  
     6da:	80 e0       	ldi	r24, 0x00	; 0
}
     6dc:	27 96       	adiw	r28, 0x07	; 7
     6de:	0f b6       	in	r0, 0x3f	; 63
     6e0:	f8 94       	cli
     6e2:	de bf       	out	0x3e, r29	; 62
     6e4:	0f be       	out	0x3f, r0	; 63
     6e6:	cd bf       	out	0x3d, r28	; 61
     6e8:	df 91       	pop	r29
     6ea:	cf 91       	pop	r28
     6ec:	1f 91       	pop	r17
     6ee:	0f 91       	pop	r16
     6f0:	ff 90       	pop	r15
     6f2:	ef 90       	pop	r14
     6f4:	08 95       	ret

000006f6 <show_current_time>:
	}
	return 0;
}


void show_current_time() {
     6f6:	0f 93       	push	r16
     6f8:	1f 93       	push	r17
     6fa:	cf 93       	push	r28
     6fc:	df 93       	push	r29
     6fe:	cd b7       	in	r28, 0x3d	; 61
     700:	de b7       	in	r29, 0x3e	; 62
     702:	e9 97       	sbiw	r28, 0x39	; 57
     704:	0f b6       	in	r0, 0x3f	; 63
     706:	f8 94       	cli
     708:	de bf       	out	0x3e, r29	; 62
     70a:	0f be       	out	0x3f, r0	; 63
     70c:	cd bf       	out	0x3d, r28	; 61
	rtc_time_t now;
	if (ds3231_read_time(&now) == 0) { //imprime cada vez que cambia 1 segundo
     70e:	ce 01       	movw	r24, r28
     710:	01 96       	adiw	r24, 0x01	; 1
     712:	0e 94 af 00 	call	0x15e	; 0x15e <ds3231_read_time>
     716:	81 11       	cpse	r24, r1
     718:	4d c0       	rjmp	.+154    	; 0x7b4 <show_current_time+0xbe>
		if (now.sec != last_sec) {
     71a:	89 81       	ldd	r24, Y+1	; 0x01
     71c:	90 91 00 01 	lds	r25, 0x0100	; 0x800100 <__DATA_REGION_ORIGIN__>
     720:	89 17       	cp	r24, r25
     722:	31 f1       	breq	.+76     	; 0x770 <show_current_time+0x7a>
			last_sec = now.sec;
     724:	80 93 00 01 	sts	0x0100, r24	; 0x800100 <__DATA_REGION_ORIGIN__>
			char out[50];
			sprintf(out,"\rFECHA:%02u/%02u/%02u HORA:%02u:%02u:%02u\r\n",now.date, now.month, now.year,now.hour, now.min,  now.sec);
     728:	5a 81       	ldd	r21, Y+2	; 0x02
     72a:	4b 81       	ldd	r20, Y+3	; 0x03
     72c:	3f 81       	ldd	r19, Y+7	; 0x07
     72e:	2e 81       	ldd	r18, Y+6	; 0x06
     730:	9d 81       	ldd	r25, Y+5	; 0x05
     732:	1f 92       	push	r1
     734:	8f 93       	push	r24
     736:	1f 92       	push	r1
     738:	5f 93       	push	r21
     73a:	1f 92       	push	r1
     73c:	4f 93       	push	r20
     73e:	1f 92       	push	r1
     740:	3f 93       	push	r19
     742:	1f 92       	push	r1
     744:	2f 93       	push	r18
     746:	1f 92       	push	r1
     748:	9f 93       	push	r25
     74a:	83 e3       	ldi	r24, 0x33	; 51
     74c:	91 e0       	ldi	r25, 0x01	; 1
     74e:	9f 93       	push	r25
     750:	8f 93       	push	r24
     752:	8e 01       	movw	r16, r28
     754:	08 5f       	subi	r16, 0xF8	; 248
     756:	1f 4f       	sbci	r17, 0xFF	; 255
     758:	1f 93       	push	r17
     75a:	0f 93       	push	r16
     75c:	0e 94 ce 05 	call	0xb9c	; 0xb9c <sprintf>
			uart_write(out);
     760:	c8 01       	movw	r24, r16
     762:	0e 94 e2 01 	call	0x3c4	; 0x3c4 <uart_write>
     766:	0f b6       	in	r0, 0x3f	; 63
     768:	f8 94       	cli
     76a:	de bf       	out	0x3e, r29	; 62
     76c:	0f be       	out	0x3f, r0	; 63
     76e:	cd bf       	out	0x3d, r28	; 61
		}
	
		
		//verifica alarma
		if (alarm.enabled && !alarm_triggered && now.hour == alarm.hour && now.min == alarm.min &&now.min != last_minute) {
     770:	80 91 12 03 	lds	r24, 0x0312	; 0x800312 <alarm+0x2>
     774:	88 23       	and	r24, r24
     776:	d9 f0       	breq	.+54     	; 0x7ae <show_current_time+0xb8>
     778:	80 91 0f 03 	lds	r24, 0x030F	; 0x80030f <alarm_triggered>
     77c:	81 11       	cpse	r24, r1
     77e:	17 c0       	rjmp	.+46     	; 0x7ae <show_current_time+0xb8>
     780:	9b 81       	ldd	r25, Y+3	; 0x03
     782:	80 91 10 03 	lds	r24, 0x0310	; 0x800310 <alarm>
     786:	98 13       	cpse	r25, r24
     788:	12 c0       	rjmp	.+36     	; 0x7ae <show_current_time+0xb8>
     78a:	8a 81       	ldd	r24, Y+2	; 0x02
     78c:	90 91 11 03 	lds	r25, 0x0311	; 0x800311 <alarm+0x1>
     790:	89 13       	cpse	r24, r25
     792:	0d c0       	rjmp	.+26     	; 0x7ae <show_current_time+0xb8>
     794:	90 91 01 01 	lds	r25, 0x0101	; 0x800101 <last_minute>
     798:	89 17       	cp	r24, r25
     79a:	49 f0       	breq	.+18     	; 0x7ae <show_current_time+0xb8>
			alarm_triggered = 1;
     79c:	81 e0       	ldi	r24, 0x01	; 1
     79e:	80 93 0f 03 	sts	0x030F, r24	; 0x80030f <alarm_triggered>
			alarm_count = 0;
     7a2:	10 92 0e 03 	sts	0x030E, r1	; 0x80030e <alarm_count>
			uart_write("\r\nALARMA ACTIVADA!\r\n");
     7a6:	8f e5       	ldi	r24, 0x5F	; 95
     7a8:	91 e0       	ldi	r25, 0x01	; 1
     7aa:	0e 94 e2 01 	call	0x3c4	; 0x3c4 <uart_write>
		}
		last_minute = now.min;
     7ae:	8a 81       	ldd	r24, Y+2	; 0x02
     7b0:	80 93 01 01 	sts	0x0101, r24	; 0x800101 <last_minute>
	}
}
     7b4:	e9 96       	adiw	r28, 0x39	; 57
     7b6:	0f b6       	in	r0, 0x3f	; 63
     7b8:	f8 94       	cli
     7ba:	de bf       	out	0x3e, r29	; 62
     7bc:	0f be       	out	0x3f, r0	; 63
     7be:	cd bf       	out	0x3d, r28	; 61
     7c0:	df 91       	pop	r29
     7c2:	cf 91       	pop	r28
     7c4:	1f 91       	pop	r17
     7c6:	0f 91       	pop	r16
     7c8:	08 95       	ret

000007ca <show_menu>:
}


void show_menu(){

		uart_write("COMANDOS:\r\n");
     7ca:	84 e7       	ldi	r24, 0x74	; 116
     7cc:	91 e0       	ldi	r25, 0x01	; 1
     7ce:	0e 94 e2 01 	call	0x3c4	; 0x3c4 <uart_write>
		uart_write("ON\r\n");
     7d2:	87 eb       	ldi	r24, 0xB7	; 183
     7d4:	91 e0       	ldi	r25, 0x01	; 1
     7d6:	0e 94 e2 01 	call	0x3c4	; 0x3c4 <uart_write>
		uart_write("OFF\r\n");
     7da:	8f ed       	ldi	r24, 0xDF	; 223
     7dc:	91 e0       	ldi	r25, 0x01	; 1
     7de:	0e 94 e2 01 	call	0x3c4	; 0x3c4 <uart_write>
		uart_write("SET TIME DD/MM/YY HH:MM:SS\r\n");
     7e2:	80 e8       	ldi	r24, 0x80	; 128
     7e4:	91 e0       	ldi	r25, 0x01	; 1
     7e6:	0e 94 e2 01 	call	0x3c4	; 0x3c4 <uart_write>
		uart_write("SET ALARM HH:MM\r\n");
     7ea:	8d e9       	ldi	r24, 0x9D	; 157
     7ec:	91 e0       	ldi	r25, 0x01	; 1
     7ee:	0e 94 e2 01 	call	0x3c4	; 0x3c4 <uart_write>
     7f2:	08 95       	ret

000007f4 <main>:
	
}
int main(void) {
     7f4:	cf 93       	push	r28
     7f6:	df 93       	push	r29
     7f8:	cd b7       	in	r28, 0x3d	; 61
     7fa:	de b7       	in	r29, 0x3e	; 62
     7fc:	c0 54       	subi	r28, 0x40	; 64
     7fe:	d1 09       	sbc	r29, r1
     800:	0f b6       	in	r0, 0x3f	; 63
     802:	f8 94       	cli
     804:	de bf       	out	0x3e, r29	; 62
     806:	0f be       	out	0x3f, r0	; 63
     808:	cd bf       	out	0x3d, r28	; 61
	DDRD |= (1<<PD1);// PD1 = TX out
     80a:	8a b1       	in	r24, 0x0a	; 10
     80c:	82 60       	ori	r24, 0x02	; 2
     80e:	8a b9       	out	0x0a, r24	; 10
	DDRC  &= ~((1<<PC4)|(1<<PC5));
     810:	87 b1       	in	r24, 0x07	; 7
     812:	8f 7c       	andi	r24, 0xCF	; 207
     814:	87 b9       	out	0x07, r24	; 7
	PORTC |=  (1<<PC4)|(1<<PC5);
     816:	88 b1       	in	r24, 0x08	; 8
     818:	80 63       	ori	r24, 0x30	; 48
     81a:	88 b9       	out	0x08, r24	; 8
	
	uart_init_int();
     81c:	0e 94 82 01 	call	0x304	; 0x304 <uart_init_int>
	twi_init();
     820:	0e 94 3b 01 	call	0x276	; 0x276 <twi_init>
	sei();
     824:	78 94       	sei
	
	//menu

	
	state_t prev_state = (state_t)-1;
     826:	1f ef       	ldi	r17, 0xFF	; 255
	rtc_time_t now;

	while (1) {
			
		//verificacion de alarma por polling		
		if (alarm.enabled && ds3231_check_alarm()) {
     828:	80 91 12 03 	lds	r24, 0x0312	; 0x800312 <alarm+0x2>
     82c:	88 23       	and	r24, r24
     82e:	49 f0       	breq	.+18     	; 0x842 <__DATA_REGION_LENGTH__+0x42>
     830:	0e 94 fb 00 	call	0x1f6	; 0x1f6 <ds3231_check_alarm>
     834:	88 23       	and	r24, r24
     836:	29 f0       	breq	.+10     	; 0x842 <__DATA_REGION_LENGTH__+0x42>
			alarm_triggered = 1; //activo flag
     838:	81 e0       	ldi	r24, 0x01	; 1
     83a:	80 93 0f 03 	sts	0x030F, r24	; 0x80030f <alarm_triggered>
			ds3231_clear_alarm(); //limpio flag
     83e:	0e 94 19 01 	call	0x232	; 0x232 <ds3231_clear_alarm>
		}
		if(alarm.enabled && !alarm_triggered && ds3231_read_time(&now) == 0) {
     842:	80 91 12 03 	lds	r24, 0x0312	; 0x800312 <alarm+0x2>
     846:	88 23       	and	r24, r24
     848:	09 f1       	breq	.+66     	; 0x88c <__DATA_REGION_LENGTH__+0x8c>
     84a:	80 91 0f 03 	lds	r24, 0x030F	; 0x80030f <alarm_triggered>
     84e:	81 11       	cpse	r24, r1
     850:	1d c0       	rjmp	.+58     	; 0x88c <__DATA_REGION_LENGTH__+0x8c>
     852:	ce 01       	movw	r24, r28
     854:	01 96       	adiw	r24, 0x01	; 1
     856:	0e 94 af 00 	call	0x15e	; 0x15e <ds3231_read_time>
     85a:	81 11       	cpse	r24, r1
     85c:	17 c0       	rjmp	.+46     	; 0x88c <__DATA_REGION_LENGTH__+0x8c>
			if(now.hour == alarm.hour && now.min == alarm.min && now.sec == 0) {
     85e:	9b 81       	ldd	r25, Y+3	; 0x03
     860:	80 91 10 03 	lds	r24, 0x0310	; 0x800310 <alarm>
     864:	98 13       	cpse	r25, r24
     866:	12 c0       	rjmp	.+36     	; 0x88c <__DATA_REGION_LENGTH__+0x8c>
     868:	9a 81       	ldd	r25, Y+2	; 0x02
     86a:	80 91 11 03 	lds	r24, 0x0311	; 0x800311 <alarm+0x1>
     86e:	98 13       	cpse	r25, r24
     870:	0d c0       	rjmp	.+26     	; 0x88c <__DATA_REGION_LENGTH__+0x8c>
     872:	89 81       	ldd	r24, Y+1	; 0x01
     874:	81 11       	cpse	r24, r1
     876:	0a c0       	rjmp	.+20     	; 0x88c <__DATA_REGION_LENGTH__+0x8c>
				// Solo activar al inicio del minuto (segundos == 0)
				alarm_triggered = 1;
     878:	81 e0       	ldi	r24, 0x01	; 1
     87a:	80 93 0f 03 	sts	0x030F, r24	; 0x80030f <alarm_triggered>
				alarm_count = 0;
     87e:	10 92 0e 03 	sts	0x030E, r1	; 0x80030e <alarm_count>
				state = ALARM_NOTIFY;
     882:	84 e0       	ldi	r24, 0x04	; 4
     884:	80 93 34 03 	sts	0x0334, r24	; 0x800334 <state>
				ds3231_clear_alarm();
     888:	0e 94 19 01 	call	0x232	; 0x232 <ds3231_clear_alarm>
			}
		}

		//comandos	
		if (rx_line_ready()) {
     88c:	0e 94 1e 02 	call	0x43c	; 0x43c <rx_line_ready>
     890:	88 23       	and	r24, r24
     892:	09 f4       	brne	.+2      	; 0x896 <__DATA_REGION_LENGTH__+0x96>
     894:	8e c0       	rjmp	.+284    	; 0x9b2 <__stack+0xb3>
			if (strcasecmp(cmd_buf, "ON") == 0) {
     896:	6f ea       	ldi	r22, 0xAF	; 175
     898:	71 e0       	ldi	r23, 0x01	; 1
     89a:	84 e1       	ldi	r24, 0x14	; 20
     89c:	93 e0       	ldi	r25, 0x03	; 3
     89e:	0e 94 ad 05 	call	0xb5a	; 0xb5a <strcasecmp>
     8a2:	89 2b       	or	r24, r25
     8a4:	09 f0       	breq	.+2      	; 0x8a8 <__DATA_REGION_LENGTH__+0xa8>
     8a6:	46 c0       	rjmp	.+140    	; 0x934 <__stack+0x35>
				state = ON;
     8a8:	81 e0       	ldi	r24, 0x01	; 1
     8aa:	80 93 34 03 	sts	0x0334, r24	; 0x800334 <state>
				uart_write("HORA ON\r\n");
     8ae:	82 eb       	ldi	r24, 0xB2	; 178
     8b0:	91 e0       	ldi	r25, 0x01	; 1
     8b2:	0e 94 e2 01 	call	0x3c4	; 0x3c4 <uart_write>
				rtc_time_t now;
				if (ds3231_read_time(&now) == 0) { //imprime cada vez que cambia 1 segundo
     8b6:	ce 01       	movw	r24, r28
     8b8:	ca 96       	adiw	r24, 0x3a	; 58
     8ba:	0e 94 af 00 	call	0x15e	; 0x15e <ds3231_read_time>
     8be:	81 11       	cpse	r24, r1
     8c0:	76 c0       	rjmp	.+236    	; 0x9ae <__stack+0xaf>
					uart_write("CHECKPOINT 2");
     8c2:	8c eb       	ldi	r24, 0xBC	; 188
     8c4:	91 e0       	ldi	r25, 0x01	; 1
     8c6:	0e 94 e2 01 	call	0x3c4	; 0x3c4 <uart_write>

					if (now.sec != last_sec) {
     8ca:	9a ad       	ldd	r25, Y+58	; 0x3a
     8cc:	80 91 00 01 	lds	r24, 0x0100	; 0x800100 <__DATA_REGION_ORIGIN__>
     8d0:	98 17       	cp	r25, r24
     8d2:	09 f4       	brne	.+2      	; 0x8d6 <__DATA_REGION_LENGTH__+0xd6>
     8d4:	6c c0       	rjmp	.+216    	; 0x9ae <__stack+0xaf>
										uart_write("CHECKPOINT 3");
     8d6:	89 ec       	ldi	r24, 0xC9	; 201
     8d8:	91 e0       	ldi	r25, 0x01	; 1
     8da:	0e 94 e2 01 	call	0x3c4	; 0x3c4 <uart_write>

						last_sec = now.sec;
     8de:	8a ad       	ldd	r24, Y+58	; 0x3a
     8e0:	80 93 00 01 	sts	0x0100, r24	; 0x800100 <__DATA_REGION_ORIGIN__>
						char out[50];
						sprintf(out,"\rFECHA:%02u/%02u/%02u HORA:%02u:%02u:%02u\r\n",now.date, now.month, now.year,now.hour, now.min,  now.sec);
     8e4:	5b ad       	ldd	r21, Y+59	; 0x3b
     8e6:	4c ad       	ldd	r20, Y+60	; 0x3c
     8e8:	21 96       	adiw	r28, 0x01	; 1
     8ea:	3f ad       	ldd	r19, Y+63	; 0x3f
     8ec:	21 97       	sbiw	r28, 0x01	; 1
     8ee:	2f ad       	ldd	r18, Y+63	; 0x3f
     8f0:	9e ad       	ldd	r25, Y+62	; 0x3e
     8f2:	1f 92       	push	r1
     8f4:	8f 93       	push	r24
     8f6:	1f 92       	push	r1
     8f8:	5f 93       	push	r21
     8fa:	1f 92       	push	r1
     8fc:	4f 93       	push	r20
     8fe:	1f 92       	push	r1
     900:	3f 93       	push	r19
     902:	1f 92       	push	r1
     904:	2f 93       	push	r18
     906:	1f 92       	push	r1
     908:	9f 93       	push	r25
     90a:	83 e3       	ldi	r24, 0x33	; 51
     90c:	91 e0       	ldi	r25, 0x01	; 1
     90e:	9f 93       	push	r25
     910:	8f 93       	push	r24
     912:	7e 01       	movw	r14, r28
     914:	28 e0       	ldi	r18, 0x08	; 8
     916:	e2 0e       	add	r14, r18
     918:	f1 1c       	adc	r15, r1
     91a:	ff 92       	push	r15
     91c:	ef 92       	push	r14
     91e:	0e 94 ce 05 	call	0xb9c	; 0xb9c <sprintf>
						uart_write(out);
     922:	c7 01       	movw	r24, r14
     924:	0e 94 e2 01 	call	0x3c4	; 0x3c4 <uart_write>
     928:	0f b6       	in	r0, 0x3f	; 63
     92a:	f8 94       	cli
     92c:	de bf       	out	0x3e, r29	; 62
     92e:	0f be       	out	0x3f, r0	; 63
     930:	cd bf       	out	0x3d, r28	; 61
     932:	3d c0       	rjmp	.+122    	; 0x9ae <__stack+0xaf>
					}
				}
					
			}
			else if (strcasecmp(cmd_buf, "OFF") == 0) {
     934:	66 ed       	ldi	r22, 0xD6	; 214
     936:	71 e0       	ldi	r23, 0x01	; 1
     938:	84 e1       	ldi	r24, 0x14	; 20
     93a:	93 e0       	ldi	r25, 0x03	; 3
     93c:	0e 94 ad 05 	call	0xb5a	; 0xb5a <strcasecmp>
     940:	89 2b       	or	r24, r25
     942:	39 f4       	brne	.+14     	; 0x952 <__stack+0x53>
				state = IDLE;
     944:	10 92 34 03 	sts	0x0334, r1	; 0x800334 <state>
				uart_write("HORA OFF\r\n");
     948:	8a ed       	ldi	r24, 0xDA	; 218
     94a:	91 e0       	ldi	r25, 0x01	; 1
     94c:	0e 94 e2 01 	call	0x3c4	; 0x3c4 <uart_write>
     950:	2e c0       	rjmp	.+92     	; 0x9ae <__stack+0xaf>
			}
			else if (strncmp(cmd_buf, "SET TIME ", 9) == 0) {
     952:	49 e0       	ldi	r20, 0x09	; 9
     954:	50 e0       	ldi	r21, 0x00	; 0
     956:	65 ee       	ldi	r22, 0xE5	; 229
     958:	71 e0       	ldi	r23, 0x01	; 1
     95a:	84 e1       	ldi	r24, 0x14	; 20
     95c:	93 e0       	ldi	r25, 0x03	; 3
     95e:	0e 94 c0 05 	call	0xb80	; 0xb80 <strncmp>
     962:	89 2b       	or	r24, r25
     964:	81 f4       	brne	.+32     	; 0x986 <__stack+0x87>
				uart_write("DEBUG: \"");
     966:	8f ee       	ldi	r24, 0xEF	; 239
     968:	91 e0       	ldi	r25, 0x01	; 1
     96a:	0e 94 e2 01 	call	0x3c4	; 0x3c4 <uart_write>
				uart_write(cmd_buf);
     96e:	84 e1       	ldi	r24, 0x14	; 20
     970:	93 e0       	ldi	r25, 0x03	; 3
     972:	0e 94 e2 01 	call	0x3c4	; 0x3c4 <uart_write>
				uart_write("\"\r\n");
     976:	88 ef       	ldi	r24, 0xF8	; 248
     978:	91 e0       	ldi	r25, 0x01	; 1
     97a:	0e 94 e2 01 	call	0x3c4	; 0x3c4 <uart_write>
				state = SET_TIME;
     97e:	82 e0       	ldi	r24, 0x02	; 2
     980:	80 93 34 03 	sts	0x0334, r24	; 0x800334 <state>
     984:	14 c0       	rjmp	.+40     	; 0x9ae <__stack+0xaf>
			}
			else if (strncmp(cmd_buf, "SET ALARM ", 10) == 0) {
     986:	4a e0       	ldi	r20, 0x0A	; 10
     988:	50 e0       	ldi	r21, 0x00	; 0
     98a:	6c ef       	ldi	r22, 0xFC	; 252
     98c:	71 e0       	ldi	r23, 0x01	; 1
     98e:	84 e1       	ldi	r24, 0x14	; 20
     990:	93 e0       	ldi	r25, 0x03	; 3
     992:	0e 94 c0 05 	call	0xb80	; 0xb80 <strncmp>
     996:	89 2b       	or	r24, r25
     998:	21 f4       	brne	.+8      	; 0x9a2 <__stack+0xa3>
				state = SET_ALARM;
     99a:	83 e0       	ldi	r24, 0x03	; 3
     99c:	80 93 34 03 	sts	0x0334, r24	; 0x800334 <state>
     9a0:	06 c0       	rjmp	.+12     	; 0x9ae <__stack+0xaf>
			}else{
				uart_write("COMANDO ERRONEO");
     9a2:	87 e0       	ldi	r24, 0x07	; 7
     9a4:	92 e0       	ldi	r25, 0x02	; 2
     9a6:	0e 94 e2 01 	call	0x3c4	; 0x3c4 <uart_write>
				show_menu();
     9aa:	0e 94 e5 03 	call	0x7ca	; 0x7ca <show_menu>
			}
			
			cmd_buf[0] = '\0';
     9ae:	10 92 14 03 	sts	0x0314, r1	; 0x800314 <cmd_buf>
		}
		
		
		if (state != prev_state) {
     9b2:	80 91 34 03 	lds	r24, 0x0334	; 0x800334 <state>
     9b6:	18 17       	cp	r17, r24
     9b8:	31 f0       	breq	.+12     	; 0x9c6 <__stack+0xc7>
			if (state == IDLE) {
     9ba:	81 11       	cpse	r24, r1
     9bc:	02 c0       	rjmp	.+4      	; 0x9c2 <__stack+0xc3>
				show_menu(); //muestra el menu solamente si IDLE no fue el estado anterior (lo muestra 1 vez)
     9be:	0e 94 e5 03 	call	0x7ca	; 0x7ca <show_menu>
			}
			prev_state = state;
     9c2:	10 91 34 03 	lds	r17, 0x0334	; 0x800334 <state>
		}
		
		//estados	
		switch (state) {
     9c6:	80 91 34 03 	lds	r24, 0x0334	; 0x800334 <state>
     9ca:	82 30       	cpi	r24, 0x02	; 2
     9cc:	69 f0       	breq	.+26     	; 0x9e8 <__stack+0xe9>
     9ce:	18 f4       	brcc	.+6      	; 0x9d6 <__stack+0xd7>
     9d0:	81 30       	cpi	r24, 0x01	; 1
     9d2:	39 f0       	breq	.+14     	; 0x9e2 <__stack+0xe3>
     9d4:	b2 c0       	rjmp	.+356    	; 0xb3a <__stack+0x23b>
     9d6:	83 30       	cpi	r24, 0x03	; 3
     9d8:	99 f0       	breq	.+38     	; 0xa00 <__stack+0x101>
     9da:	84 30       	cpi	r24, 0x04	; 4
     9dc:	09 f4       	brne	.+2      	; 0x9e0 <__stack+0xe1>
     9de:	92 c0       	rjmp	.+292    	; 0xb04 <__stack+0x205>
     9e0:	ac c0       	rjmp	.+344    	; 0xb3a <__stack+0x23b>
				//estado en el que esta el mcu cuando no se esta realiazndo ninguna accion
			break;

			case ON: //muestra fecha y hora
			{
				show_current_time();
     9e2:	0e 94 7b 03 	call	0x6f6	; 0x6f6 <show_current_time>
			}
			break;
     9e6:	a9 c0       	rjmp	.+338    	; 0xb3a <__stack+0x23b>

			case SET_TIME: 
			{
				if (handle_set_time(cmd_buf + 9) == 1){
     9e8:	8d e1       	ldi	r24, 0x1D	; 29
     9ea:	93 e0       	ldi	r25, 0x03	; 3
     9ec:	0e 94 5b 02 	call	0x4b6	; 0x4b6 <handle_set_time>
     9f0:	81 30       	cpi	r24, 0x01	; 1
     9f2:	19 f4       	brne	.+6      	; 0x9fa <__stack+0xfb>
					state = ON;
     9f4:	80 93 34 03 	sts	0x0334, r24	; 0x800334 <state>
     9f8:	a0 c0       	rjmp	.+320    	; 0xb3a <__stack+0x23b>
				}else{
					state = IDLE;
     9fa:	10 92 34 03 	sts	0x0334, r1	; 0x800334 <state>
     9fe:	9d c0       	rjmp	.+314    	; 0xb3a <__stack+0x23b>
			} 
			break;
		
			case SET_ALARM: 
			{
				if (sscanf(cmd_buf+10, "%hhu:%hhu", &alarm.hour, &alarm.min) == 2) {
     a00:	81 e1       	ldi	r24, 0x11	; 17
     a02:	93 e0       	ldi	r25, 0x03	; 3
     a04:	9f 93       	push	r25
     a06:	8f 93       	push	r24
     a08:	80 e1       	ldi	r24, 0x10	; 16
     a0a:	93 e0       	ldi	r25, 0x03	; 3
     a0c:	9f 93       	push	r25
     a0e:	8f 93       	push	r24
     a10:	87 e1       	ldi	r24, 0x17	; 23
     a12:	92 e0       	ldi	r25, 0x02	; 2
     a14:	9f 93       	push	r25
     a16:	8f 93       	push	r24
     a18:	8e e1       	ldi	r24, 0x1E	; 30
     a1a:	93 e0       	ldi	r25, 0x03	; 3
     a1c:	9f 93       	push	r25
     a1e:	8f 93       	push	r24
     a20:	0e 94 f0 05 	call	0xbe0	; 0xbe0 <sscanf>
     a24:	0f b6       	in	r0, 0x3f	; 63
     a26:	f8 94       	cli
     a28:	de bf       	out	0x3e, r29	; 62
     a2a:	0f be       	out	0x3f, r0	; 63
     a2c:	cd bf       	out	0x3d, r28	; 61
     a2e:	02 97       	sbiw	r24, 0x02	; 2
     a30:	09 f0       	breq	.+2      	; 0xa34 <__stack+0x135>
     a32:	83 c0       	rjmp	.+262    	; 0xb3a <__stack+0x23b>
				 // Configurar alarma para que coincida con hora y minuto específicos
					uint8_t alarm_settings[4] = {
					dec2bcd(alarm.min),       // Minutos (A1M1=0 - comparar minutos)
     a34:	0f 2e       	mov	r0, r31
     a36:	f0 e1       	ldi	r31, 0x10	; 16
     a38:	ef 2e       	mov	r14, r31
     a3a:	f3 e0       	ldi	r31, 0x03	; 3
     a3c:	ff 2e       	mov	r15, r31
     a3e:	f0 2d       	mov	r31, r0
     a40:	f7 01       	movw	r30, r14
     a42:	81 81       	ldd	r24, Z+1	; 0x01
     a44:	0e 94 64 00 	call	0xc8	; 0xc8 <dec2bcd>
		
			case SET_ALARM: 
			{
				if (sscanf(cmd_buf+10, "%hhu:%hhu", &alarm.hour, &alarm.min) == 2) {
				 // Configurar alarma para que coincida con hora y minuto específicos
					uint8_t alarm_settings[4] = {
     a48:	8a af       	std	Y+58, r24	; 0x3a
					dec2bcd(alarm.min),       // Minutos (A1M1=0 - comparar minutos)
					dec2bcd(alarm.hour),       // Horas (A1M2=0 - comparar horas)
     a4a:	f7 01       	movw	r30, r14
     a4c:	80 81       	ld	r24, Z
     a4e:	0e 94 64 00 	call	0xc8	; 0xc8 <dec2bcd>
		
			case SET_ALARM: 
			{
				if (sscanf(cmd_buf+10, "%hhu:%hhu", &alarm.hour, &alarm.min) == 2) {
				 // Configurar alarma para que coincida con hora y minuto específicos
					uint8_t alarm_settings[4] = {
     a52:	8b af       	std	Y+59, r24	; 0x3b
     a54:	80 e8       	ldi	r24, 0x80	; 128
     a56:	8c af       	std	Y+60, r24	; 0x3c
     a58:	8d af       	std	Y+61, r24	; 0x3d
					0x80,                      // Día/Fecha (A1M3=1 - ignorar)
					0x80                       // A1M4=1 (siempre activo)
				 };
				
				// 3. Escribir configuración de alarma
				if(twi_start(DS3231_ADDR_WRITE) == 0x18) {
     a5a:	80 ed       	ldi	r24, 0xD0	; 208
     a5c:	0e 94 44 01 	call	0x288	; 0x288 <twi_start>
     a60:	88 31       	cpi	r24, 0x18	; 24
     a62:	09 f0       	breq	.+2      	; 0xa66 <__stack+0x167>
     a64:	48 c0       	rjmp	.+144    	; 0xaf6 <__stack+0x1f7>
					twi_write(0x07);  // Registro de alarma 1
     a66:	87 e0       	ldi	r24, 0x07	; 7
     a68:	0e 94 6a 01 	call	0x2d4	; 0x2d4 <twi_write>
					for(uint8_t i=0; i<4; i++) {
     a6c:	00 e0       	ldi	r16, 0x00	; 0
     a6e:	0a c0       	rjmp	.+20     	; 0xa84 <__stack+0x185>
						twi_write(alarm_settings[i]);
     a70:	ea e3       	ldi	r30, 0x3A	; 58
     a72:	f0 e0       	ldi	r31, 0x00	; 0
     a74:	ec 0f       	add	r30, r28
     a76:	fd 1f       	adc	r31, r29
     a78:	e0 0f       	add	r30, r16
     a7a:	f1 1d       	adc	r31, r1
     a7c:	80 81       	ld	r24, Z
     a7e:	0e 94 6a 01 	call	0x2d4	; 0x2d4 <twi_write>
				 };
				
				// 3. Escribir configuración de alarma
				if(twi_start(DS3231_ADDR_WRITE) == 0x18) {
					twi_write(0x07);  // Registro de alarma 1
					for(uint8_t i=0; i<4; i++) {
     a82:	0f 5f       	subi	r16, 0xFF	; 255
     a84:	04 30       	cpi	r16, 0x04	; 4
     a86:	a0 f3       	brcs	.-24     	; 0xa70 <__stack+0x171>
						twi_write(alarm_settings[i]);
					}
					twi_stop();
     a88:	0e 94 66 01 	call	0x2cc	; 0x2cc <twi_stop>
					
					// 4. Habilitar interrupción de alarma
					if(twi_start(DS3231_ADDR_WRITE) == 0x18) {
     a8c:	80 ed       	ldi	r24, 0xD0	; 208
     a8e:	0e 94 44 01 	call	0x288	; 0x288 <twi_start>
     a92:	88 31       	cpi	r24, 0x18	; 24
     a94:	59 f5       	brne	.+86     	; 0xaec <__stack+0x1ed>
						twi_write(0x0E);  // Registro de control
     a96:	8e e0       	ldi	r24, 0x0E	; 14
     a98:	0e 94 6a 01 	call	0x2d4	; 0x2d4 <twi_write>
						twi_write(0x05);  // Habilitar Alarma 1
     a9c:	85 e0       	ldi	r24, 0x05	; 5
     a9e:	0e 94 6a 01 	call	0x2d4	; 0x2d4 <twi_write>
						twi_stop();
     aa2:	0e 94 66 01 	call	0x2cc	; 0x2cc <twi_stop>
						
						alarm.enabled = 1;
     aa6:	e0 e1       	ldi	r30, 0x10	; 16
     aa8:	f3 e0       	ldi	r31, 0x03	; 3
     aaa:	81 e0       	ldi	r24, 0x01	; 1
     aac:	82 83       	std	Z+2, r24	; 0x02
						alarm_triggered = 0;
     aae:	10 92 0f 03 	sts	0x030F, r1	; 0x80030f <alarm_triggered>
						alarm_count = 0;
     ab2:	10 92 0e 03 	sts	0x030E, r1	; 0x80030e <alarm_count>
						
						//confirmacion de alarma
						char msg[32];
						sprintf(msg, "Alarma configurada para %02d:%02d\r\n",
						alarm.hour, alarm.min);
     ab6:	91 81       	ldd	r25, Z+1	; 0x01
     ab8:	80 81       	ld	r24, Z
						alarm_triggered = 0;
						alarm_count = 0;
						
						//confirmacion de alarma
						char msg[32];
						sprintf(msg, "Alarma configurada para %02d:%02d\r\n",
     aba:	1f 92       	push	r1
     abc:	9f 93       	push	r25
     abe:	1f 92       	push	r1
     ac0:	8f 93       	push	r24
     ac2:	81 e2       	ldi	r24, 0x21	; 33
     ac4:	92 e0       	ldi	r25, 0x02	; 2
     ac6:	9f 93       	push	r25
     ac8:	8f 93       	push	r24
     aca:	7e 01       	movw	r14, r28
     acc:	f8 e0       	ldi	r31, 0x08	; 8
     ace:	ef 0e       	add	r14, r31
     ad0:	f1 1c       	adc	r15, r1
     ad2:	ff 92       	push	r15
     ad4:	ef 92       	push	r14
     ad6:	0e 94 ce 05 	call	0xb9c	; 0xb9c <sprintf>
						alarm.hour, alarm.min);
						uart_write(msg);
     ada:	c7 01       	movw	r24, r14
     adc:	0e 94 e2 01 	call	0x3c4	; 0x3c4 <uart_write>
     ae0:	0f b6       	in	r0, 0x3f	; 63
     ae2:	f8 94       	cli
     ae4:	de bf       	out	0x3e, r29	; 62
     ae6:	0f be       	out	0x3f, r0	; 63
     ae8:	cd bf       	out	0x3d, r28	; 61
     aea:	09 c0       	rjmp	.+18     	; 0xafe <__stack+0x1ff>
					} else {
						uart_write("Error de comunicación I2C\r\n");
     aec:	85 e4       	ldi	r24, 0x45	; 69
     aee:	92 e0       	ldi	r25, 0x02	; 2
     af0:	0e 94 e2 01 	call	0x3c4	; 0x3c4 <uart_write>
     af4:	04 c0       	rjmp	.+8      	; 0xafe <__stack+0x1ff>
					}
				} else {
					uart_write("Formato erroneo. Usar HH:MM\r\n");
     af6:	81 e6       	ldi	r24, 0x61	; 97
     af8:	92 e0       	ldi	r25, 0x02	; 2
     afa:	0e 94 e2 01 	call	0x3c4	; 0x3c4 <uart_write>
				}
			state = IDLE;
     afe:	10 92 34 03 	sts	0x0334, r1	; 0x800334 <state>
     b02:	1b c0       	rjmp	.+54     	; 0xb3a <__stack+0x23b>
		}
		break;
		
		case ALARM_NOTIFY:
		{
			if(ds3231_read_time(&now) == 0){
     b04:	ce 01       	movw	r24, r28
     b06:	01 96       	adiw	r24, 0x01	; 1
     b08:	0e 94 af 00 	call	0x15e	; 0x15e <ds3231_read_time>
     b0c:	81 11       	cpse	r24, r1
     b0e:	15 c0       	rjmp	.+42     	; 0xb3a <__stack+0x23b>
				if(now.sec != last_sec){
     b10:	89 81       	ldd	r24, Y+1	; 0x01
     b12:	90 91 00 01 	lds	r25, 0x0100	; 0x800100 <__DATA_REGION_ORIGIN__>
     b16:	89 17       	cp	r24, r25
     b18:	81 f0       	breq	.+32     	; 0xb3a <__stack+0x23b>
					last_sec = now.sec;
     b1a:	80 93 00 01 	sts	0x0100, r24	; 0x800100 <__DATA_REGION_ORIGIN__>
					uart_write("ALARMA!\r\n");
     b1e:	8f e7       	ldi	r24, 0x7F	; 127
     b20:	92 e0       	ldi	r25, 0x02	; 2
     b22:	0e 94 e2 01 	call	0x3c4	; 0x3c4 <uart_write>
					alarm_count++;
     b26:	80 91 0e 03 	lds	r24, 0x030E	; 0x80030e <alarm_count>
     b2a:	8f 5f       	subi	r24, 0xFF	; 255
     b2c:	80 93 0e 03 	sts	0x030E, r24	; 0x80030e <alarm_count>
					if(alarm_count >= 5){
     b30:	85 30       	cpi	r24, 0x05	; 5
     b32:	18 f0       	brcs	.+6      	; 0xb3a <__stack+0x23b>
						state = ON;
     b34:	81 e0       	ldi	r24, 0x01	; 1
     b36:	80 93 34 03 	sts	0x0334, r24	; 0x800334 <state>
	#else
		//round up by default
		__ticks_dc = (uint32_t)(ceil(fabs(__tmp)));
	#endif

	__builtin_avr_delay_cycles(__ticks_dc);
     b3a:	8f e3       	ldi	r24, 0x3F	; 63
     b3c:	9c e9       	ldi	r25, 0x9C	; 156
     b3e:	01 97       	sbiw	r24, 0x01	; 1
     b40:	f1 f7       	brne	.-4      	; 0xb3e <__stack+0x23f>
     b42:	00 c0       	rjmp	.+0      	; 0xb44 <__stack+0x245>
     b44:	00 00       	nop
     b46:	70 ce       	rjmp	.-800    	; 0x828 <__DATA_REGION_LENGTH__+0x28>

00000b48 <isgraph>:
     b48:	80 32       	cpi	r24, 0x20	; 32
     b4a:	09 f0       	breq	.+2      	; 0xb4e <isprint+0x2>

00000b4c <isprint>:
     b4c:	91 11       	cpse	r25, r1
     b4e:	0c 94 97 0a 	jmp	0x152e	; 0x152e <__ctype_isfalse>
     b52:	80 52       	subi	r24, 0x20	; 32
     b54:	8f 55       	subi	r24, 0x5F	; 95
     b56:	d8 f7       	brcc	.-10     	; 0xb4e <isprint+0x2>
     b58:	08 95       	ret

00000b5a <strcasecmp>:
     b5a:	fb 01       	movw	r30, r22
     b5c:	dc 01       	movw	r26, r24
     b5e:	8d 91       	ld	r24, X+
     b60:	81 34       	cpi	r24, 0x41	; 65
     b62:	1c f0       	brlt	.+6      	; 0xb6a <strcasecmp+0x10>
     b64:	8b 35       	cpi	r24, 0x5B	; 91
     b66:	0c f4       	brge	.+2      	; 0xb6a <strcasecmp+0x10>
     b68:	80 5e       	subi	r24, 0xE0	; 224
     b6a:	61 91       	ld	r22, Z+
     b6c:	61 34       	cpi	r22, 0x41	; 65
     b6e:	1c f0       	brlt	.+6      	; 0xb76 <strcasecmp+0x1c>
     b70:	6b 35       	cpi	r22, 0x5B	; 91
     b72:	0c f4       	brge	.+2      	; 0xb76 <strcasecmp+0x1c>
     b74:	60 5e       	subi	r22, 0xE0	; 224
     b76:	86 1b       	sub	r24, r22
     b78:	61 11       	cpse	r22, r1
     b7a:	89 f3       	breq	.-30     	; 0xb5e <strcasecmp+0x4>
     b7c:	99 0b       	sbc	r25, r25
     b7e:	08 95       	ret

00000b80 <strncmp>:
     b80:	fb 01       	movw	r30, r22
     b82:	dc 01       	movw	r26, r24
     b84:	41 50       	subi	r20, 0x01	; 1
     b86:	50 40       	sbci	r21, 0x00	; 0
     b88:	30 f0       	brcs	.+12     	; 0xb96 <strncmp+0x16>
     b8a:	8d 91       	ld	r24, X+
     b8c:	01 90       	ld	r0, Z+
     b8e:	80 19       	sub	r24, r0
     b90:	19 f4       	brne	.+6      	; 0xb98 <strncmp+0x18>
     b92:	00 20       	and	r0, r0
     b94:	b9 f7       	brne	.-18     	; 0xb84 <strncmp+0x4>
     b96:	88 1b       	sub	r24, r24
     b98:	99 0b       	sbc	r25, r25
     b9a:	08 95       	ret

00000b9c <sprintf>:
     b9c:	ae e0       	ldi	r26, 0x0E	; 14
     b9e:	b0 e0       	ldi	r27, 0x00	; 0
     ba0:	e4 ed       	ldi	r30, 0xD4	; 212
     ba2:	f5 e0       	ldi	r31, 0x05	; 5
     ba4:	0c 94 c3 0b 	jmp	0x1786	; 0x1786 <__prologue_saves__+0x1c>
     ba8:	0d 89       	ldd	r16, Y+21	; 0x15
     baa:	1e 89       	ldd	r17, Y+22	; 0x16
     bac:	86 e0       	ldi	r24, 0x06	; 6
     bae:	8c 83       	std	Y+4, r24	; 0x04
     bb0:	1a 83       	std	Y+2, r17	; 0x02
     bb2:	09 83       	std	Y+1, r16	; 0x01
     bb4:	8f ef       	ldi	r24, 0xFF	; 255
     bb6:	9f e7       	ldi	r25, 0x7F	; 127
     bb8:	9e 83       	std	Y+6, r25	; 0x06
     bba:	8d 83       	std	Y+5, r24	; 0x05
     bbc:	ae 01       	movw	r20, r28
     bbe:	47 5e       	subi	r20, 0xE7	; 231
     bc0:	5f 4f       	sbci	r21, 0xFF	; 255
     bc2:	6f 89       	ldd	r22, Y+23	; 0x17
     bc4:	78 8d       	ldd	r23, Y+24	; 0x18
     bc6:	ce 01       	movw	r24, r28
     bc8:	01 96       	adiw	r24, 0x01	; 1
     bca:	0e 94 09 06 	call	0xc12	; 0xc12 <vfprintf>
     bce:	ef 81       	ldd	r30, Y+7	; 0x07
     bd0:	f8 85       	ldd	r31, Y+8	; 0x08
     bd2:	e0 0f       	add	r30, r16
     bd4:	f1 1f       	adc	r31, r17
     bd6:	10 82       	st	Z, r1
     bd8:	2e 96       	adiw	r28, 0x0e	; 14
     bda:	e4 e0       	ldi	r30, 0x04	; 4
     bdc:	0c 94 df 0b 	jmp	0x17be	; 0x17be <__epilogue_restores__+0x1c>

00000be0 <sscanf>:
     be0:	ae e0       	ldi	r26, 0x0E	; 14
     be2:	b0 e0       	ldi	r27, 0x00	; 0
     be4:	e6 ef       	ldi	r30, 0xF6	; 246
     be6:	f5 e0       	ldi	r31, 0x05	; 5
     be8:	0c 94 c5 0b 	jmp	0x178a	; 0x178a <__prologue_saves__+0x20>
     bec:	85 e0       	ldi	r24, 0x05	; 5
     bee:	8c 83       	std	Y+4, r24	; 0x04
     bf0:	8b 89       	ldd	r24, Y+19	; 0x13
     bf2:	9c 89       	ldd	r25, Y+20	; 0x14
     bf4:	9a 83       	std	Y+2, r25	; 0x02
     bf6:	89 83       	std	Y+1, r24	; 0x01
     bf8:	ae 01       	movw	r20, r28
     bfa:	49 5e       	subi	r20, 0xE9	; 233
     bfc:	5f 4f       	sbci	r21, 0xFF	; 255
     bfe:	6d 89       	ldd	r22, Y+21	; 0x15
     c00:	7e 89       	ldd	r23, Y+22	; 0x16
     c02:	ce 01       	movw	r24, r28
     c04:	01 96       	adiw	r24, 0x01	; 1
     c06:	0e 94 86 09 	call	0x130c	; 0x130c <vfscanf>
     c0a:	2e 96       	adiw	r28, 0x0e	; 14
     c0c:	e2 e0       	ldi	r30, 0x02	; 2
     c0e:	0c 94 e1 0b 	jmp	0x17c2	; 0x17c2 <__epilogue_restores__+0x20>

00000c12 <vfprintf>:
     c12:	ab e0       	ldi	r26, 0x0B	; 11
     c14:	b0 e0       	ldi	r27, 0x00	; 0
     c16:	ef e0       	ldi	r30, 0x0F	; 15
     c18:	f6 e0       	ldi	r31, 0x06	; 6
     c1a:	0c 94 b5 0b 	jmp	0x176a	; 0x176a <__prologue_saves__>
     c1e:	6c 01       	movw	r12, r24
     c20:	7b 01       	movw	r14, r22
     c22:	8a 01       	movw	r16, r20
     c24:	fc 01       	movw	r30, r24
     c26:	17 82       	std	Z+7, r1	; 0x07
     c28:	16 82       	std	Z+6, r1	; 0x06
     c2a:	83 81       	ldd	r24, Z+3	; 0x03
     c2c:	81 ff       	sbrs	r24, 1
     c2e:	cc c1       	rjmp	.+920    	; 0xfc8 <vfprintf+0x3b6>
     c30:	ce 01       	movw	r24, r28
     c32:	01 96       	adiw	r24, 0x01	; 1
     c34:	3c 01       	movw	r6, r24
     c36:	f6 01       	movw	r30, r12
     c38:	93 81       	ldd	r25, Z+3	; 0x03
     c3a:	f7 01       	movw	r30, r14
     c3c:	93 fd       	sbrc	r25, 3
     c3e:	85 91       	lpm	r24, Z+
     c40:	93 ff       	sbrs	r25, 3
     c42:	81 91       	ld	r24, Z+
     c44:	7f 01       	movw	r14, r30
     c46:	88 23       	and	r24, r24
     c48:	09 f4       	brne	.+2      	; 0xc4c <vfprintf+0x3a>
     c4a:	ba c1       	rjmp	.+884    	; 0xfc0 <vfprintf+0x3ae>
     c4c:	85 32       	cpi	r24, 0x25	; 37
     c4e:	39 f4       	brne	.+14     	; 0xc5e <vfprintf+0x4c>
     c50:	93 fd       	sbrc	r25, 3
     c52:	85 91       	lpm	r24, Z+
     c54:	93 ff       	sbrs	r25, 3
     c56:	81 91       	ld	r24, Z+
     c58:	7f 01       	movw	r14, r30
     c5a:	85 32       	cpi	r24, 0x25	; 37
     c5c:	29 f4       	brne	.+10     	; 0xc68 <vfprintf+0x56>
     c5e:	b6 01       	movw	r22, r12
     c60:	90 e0       	ldi	r25, 0x00	; 0
     c62:	0e 94 02 0b 	call	0x1604	; 0x1604 <fputc>
     c66:	e7 cf       	rjmp	.-50     	; 0xc36 <vfprintf+0x24>
     c68:	91 2c       	mov	r9, r1
     c6a:	21 2c       	mov	r2, r1
     c6c:	31 2c       	mov	r3, r1
     c6e:	ff e1       	ldi	r31, 0x1F	; 31
     c70:	f3 15       	cp	r31, r3
     c72:	d8 f0       	brcs	.+54     	; 0xcaa <vfprintf+0x98>
     c74:	8b 32       	cpi	r24, 0x2B	; 43
     c76:	79 f0       	breq	.+30     	; 0xc96 <vfprintf+0x84>
     c78:	38 f4       	brcc	.+14     	; 0xc88 <vfprintf+0x76>
     c7a:	80 32       	cpi	r24, 0x20	; 32
     c7c:	79 f0       	breq	.+30     	; 0xc9c <vfprintf+0x8a>
     c7e:	83 32       	cpi	r24, 0x23	; 35
     c80:	a1 f4       	brne	.+40     	; 0xcaa <vfprintf+0x98>
     c82:	23 2d       	mov	r18, r3
     c84:	20 61       	ori	r18, 0x10	; 16
     c86:	1d c0       	rjmp	.+58     	; 0xcc2 <vfprintf+0xb0>
     c88:	8d 32       	cpi	r24, 0x2D	; 45
     c8a:	61 f0       	breq	.+24     	; 0xca4 <vfprintf+0x92>
     c8c:	80 33       	cpi	r24, 0x30	; 48
     c8e:	69 f4       	brne	.+26     	; 0xcaa <vfprintf+0x98>
     c90:	23 2d       	mov	r18, r3
     c92:	21 60       	ori	r18, 0x01	; 1
     c94:	16 c0       	rjmp	.+44     	; 0xcc2 <vfprintf+0xb0>
     c96:	83 2d       	mov	r24, r3
     c98:	82 60       	ori	r24, 0x02	; 2
     c9a:	38 2e       	mov	r3, r24
     c9c:	e3 2d       	mov	r30, r3
     c9e:	e4 60       	ori	r30, 0x04	; 4
     ca0:	3e 2e       	mov	r3, r30
     ca2:	2a c0       	rjmp	.+84     	; 0xcf8 <vfprintf+0xe6>
     ca4:	f3 2d       	mov	r31, r3
     ca6:	f8 60       	ori	r31, 0x08	; 8
     ca8:	1d c0       	rjmp	.+58     	; 0xce4 <vfprintf+0xd2>
     caa:	37 fc       	sbrc	r3, 7
     cac:	2d c0       	rjmp	.+90     	; 0xd08 <vfprintf+0xf6>
     cae:	20 ed       	ldi	r18, 0xD0	; 208
     cb0:	28 0f       	add	r18, r24
     cb2:	2a 30       	cpi	r18, 0x0A	; 10
     cb4:	40 f0       	brcs	.+16     	; 0xcc6 <vfprintf+0xb4>
     cb6:	8e 32       	cpi	r24, 0x2E	; 46
     cb8:	b9 f4       	brne	.+46     	; 0xce8 <vfprintf+0xd6>
     cba:	36 fc       	sbrc	r3, 6
     cbc:	81 c1       	rjmp	.+770    	; 0xfc0 <vfprintf+0x3ae>
     cbe:	23 2d       	mov	r18, r3
     cc0:	20 64       	ori	r18, 0x40	; 64
     cc2:	32 2e       	mov	r3, r18
     cc4:	19 c0       	rjmp	.+50     	; 0xcf8 <vfprintf+0xe6>
     cc6:	36 fe       	sbrs	r3, 6
     cc8:	06 c0       	rjmp	.+12     	; 0xcd6 <vfprintf+0xc4>
     cca:	8a e0       	ldi	r24, 0x0A	; 10
     ccc:	98 9e       	mul	r9, r24
     cce:	20 0d       	add	r18, r0
     cd0:	11 24       	eor	r1, r1
     cd2:	92 2e       	mov	r9, r18
     cd4:	11 c0       	rjmp	.+34     	; 0xcf8 <vfprintf+0xe6>
     cd6:	ea e0       	ldi	r30, 0x0A	; 10
     cd8:	2e 9e       	mul	r2, r30
     cda:	20 0d       	add	r18, r0
     cdc:	11 24       	eor	r1, r1
     cde:	22 2e       	mov	r2, r18
     ce0:	f3 2d       	mov	r31, r3
     ce2:	f0 62       	ori	r31, 0x20	; 32
     ce4:	3f 2e       	mov	r3, r31
     ce6:	08 c0       	rjmp	.+16     	; 0xcf8 <vfprintf+0xe6>
     ce8:	8c 36       	cpi	r24, 0x6C	; 108
     cea:	21 f4       	brne	.+8      	; 0xcf4 <vfprintf+0xe2>
     cec:	83 2d       	mov	r24, r3
     cee:	80 68       	ori	r24, 0x80	; 128
     cf0:	38 2e       	mov	r3, r24
     cf2:	02 c0       	rjmp	.+4      	; 0xcf8 <vfprintf+0xe6>
     cf4:	88 36       	cpi	r24, 0x68	; 104
     cf6:	41 f4       	brne	.+16     	; 0xd08 <vfprintf+0xf6>
     cf8:	f7 01       	movw	r30, r14
     cfa:	93 fd       	sbrc	r25, 3
     cfc:	85 91       	lpm	r24, Z+
     cfe:	93 ff       	sbrs	r25, 3
     d00:	81 91       	ld	r24, Z+
     d02:	7f 01       	movw	r14, r30
     d04:	81 11       	cpse	r24, r1
     d06:	b3 cf       	rjmp	.-154    	; 0xc6e <vfprintf+0x5c>
     d08:	98 2f       	mov	r25, r24
     d0a:	9f 7d       	andi	r25, 0xDF	; 223
     d0c:	95 54       	subi	r25, 0x45	; 69
     d0e:	93 30       	cpi	r25, 0x03	; 3
     d10:	28 f4       	brcc	.+10     	; 0xd1c <vfprintf+0x10a>
     d12:	0c 5f       	subi	r16, 0xFC	; 252
     d14:	1f 4f       	sbci	r17, 0xFF	; 255
     d16:	9f e3       	ldi	r25, 0x3F	; 63
     d18:	99 83       	std	Y+1, r25	; 0x01
     d1a:	0d c0       	rjmp	.+26     	; 0xd36 <vfprintf+0x124>
     d1c:	83 36       	cpi	r24, 0x63	; 99
     d1e:	31 f0       	breq	.+12     	; 0xd2c <vfprintf+0x11a>
     d20:	83 37       	cpi	r24, 0x73	; 115
     d22:	71 f0       	breq	.+28     	; 0xd40 <vfprintf+0x12e>
     d24:	83 35       	cpi	r24, 0x53	; 83
     d26:	09 f0       	breq	.+2      	; 0xd2a <vfprintf+0x118>
     d28:	59 c0       	rjmp	.+178    	; 0xddc <vfprintf+0x1ca>
     d2a:	21 c0       	rjmp	.+66     	; 0xd6e <vfprintf+0x15c>
     d2c:	f8 01       	movw	r30, r16
     d2e:	80 81       	ld	r24, Z
     d30:	89 83       	std	Y+1, r24	; 0x01
     d32:	0e 5f       	subi	r16, 0xFE	; 254
     d34:	1f 4f       	sbci	r17, 0xFF	; 255
     d36:	88 24       	eor	r8, r8
     d38:	83 94       	inc	r8
     d3a:	91 2c       	mov	r9, r1
     d3c:	53 01       	movw	r10, r6
     d3e:	13 c0       	rjmp	.+38     	; 0xd66 <vfprintf+0x154>
     d40:	28 01       	movw	r4, r16
     d42:	f2 e0       	ldi	r31, 0x02	; 2
     d44:	4f 0e       	add	r4, r31
     d46:	51 1c       	adc	r5, r1
     d48:	f8 01       	movw	r30, r16
     d4a:	a0 80       	ld	r10, Z
     d4c:	b1 80       	ldd	r11, Z+1	; 0x01
     d4e:	36 fe       	sbrs	r3, 6
     d50:	03 c0       	rjmp	.+6      	; 0xd58 <vfprintf+0x146>
     d52:	69 2d       	mov	r22, r9
     d54:	70 e0       	ldi	r23, 0x00	; 0
     d56:	02 c0       	rjmp	.+4      	; 0xd5c <vfprintf+0x14a>
     d58:	6f ef       	ldi	r22, 0xFF	; 255
     d5a:	7f ef       	ldi	r23, 0xFF	; 255
     d5c:	c5 01       	movw	r24, r10
     d5e:	0e 94 b9 0a 	call	0x1572	; 0x1572 <strnlen>
     d62:	4c 01       	movw	r8, r24
     d64:	82 01       	movw	r16, r4
     d66:	f3 2d       	mov	r31, r3
     d68:	ff 77       	andi	r31, 0x7F	; 127
     d6a:	3f 2e       	mov	r3, r31
     d6c:	16 c0       	rjmp	.+44     	; 0xd9a <vfprintf+0x188>
     d6e:	28 01       	movw	r4, r16
     d70:	22 e0       	ldi	r18, 0x02	; 2
     d72:	42 0e       	add	r4, r18
     d74:	51 1c       	adc	r5, r1
     d76:	f8 01       	movw	r30, r16
     d78:	a0 80       	ld	r10, Z
     d7a:	b1 80       	ldd	r11, Z+1	; 0x01
     d7c:	36 fe       	sbrs	r3, 6
     d7e:	03 c0       	rjmp	.+6      	; 0xd86 <vfprintf+0x174>
     d80:	69 2d       	mov	r22, r9
     d82:	70 e0       	ldi	r23, 0x00	; 0
     d84:	02 c0       	rjmp	.+4      	; 0xd8a <vfprintf+0x178>
     d86:	6f ef       	ldi	r22, 0xFF	; 255
     d88:	7f ef       	ldi	r23, 0xFF	; 255
     d8a:	c5 01       	movw	r24, r10
     d8c:	0e 94 ae 0a 	call	0x155c	; 0x155c <strnlen_P>
     d90:	4c 01       	movw	r8, r24
     d92:	f3 2d       	mov	r31, r3
     d94:	f0 68       	ori	r31, 0x80	; 128
     d96:	3f 2e       	mov	r3, r31
     d98:	82 01       	movw	r16, r4
     d9a:	33 fc       	sbrc	r3, 3
     d9c:	1b c0       	rjmp	.+54     	; 0xdd4 <vfprintf+0x1c2>
     d9e:	82 2d       	mov	r24, r2
     da0:	90 e0       	ldi	r25, 0x00	; 0
     da2:	88 16       	cp	r8, r24
     da4:	99 06       	cpc	r9, r25
     da6:	b0 f4       	brcc	.+44     	; 0xdd4 <vfprintf+0x1c2>
     da8:	b6 01       	movw	r22, r12
     daa:	80 e2       	ldi	r24, 0x20	; 32
     dac:	90 e0       	ldi	r25, 0x00	; 0
     dae:	0e 94 02 0b 	call	0x1604	; 0x1604 <fputc>
     db2:	2a 94       	dec	r2
     db4:	f4 cf       	rjmp	.-24     	; 0xd9e <vfprintf+0x18c>
     db6:	f5 01       	movw	r30, r10
     db8:	37 fc       	sbrc	r3, 7
     dba:	85 91       	lpm	r24, Z+
     dbc:	37 fe       	sbrs	r3, 7
     dbe:	81 91       	ld	r24, Z+
     dc0:	5f 01       	movw	r10, r30
     dc2:	b6 01       	movw	r22, r12
     dc4:	90 e0       	ldi	r25, 0x00	; 0
     dc6:	0e 94 02 0b 	call	0x1604	; 0x1604 <fputc>
     dca:	21 10       	cpse	r2, r1
     dcc:	2a 94       	dec	r2
     dce:	21 e0       	ldi	r18, 0x01	; 1
     dd0:	82 1a       	sub	r8, r18
     dd2:	91 08       	sbc	r9, r1
     dd4:	81 14       	cp	r8, r1
     dd6:	91 04       	cpc	r9, r1
     dd8:	71 f7       	brne	.-36     	; 0xdb6 <vfprintf+0x1a4>
     dda:	e8 c0       	rjmp	.+464    	; 0xfac <vfprintf+0x39a>
     ddc:	84 36       	cpi	r24, 0x64	; 100
     dde:	11 f0       	breq	.+4      	; 0xde4 <vfprintf+0x1d2>
     de0:	89 36       	cpi	r24, 0x69	; 105
     de2:	41 f5       	brne	.+80     	; 0xe34 <vfprintf+0x222>
     de4:	f8 01       	movw	r30, r16
     de6:	37 fe       	sbrs	r3, 7
     de8:	07 c0       	rjmp	.+14     	; 0xdf8 <vfprintf+0x1e6>
     dea:	60 81       	ld	r22, Z
     dec:	71 81       	ldd	r23, Z+1	; 0x01
     dee:	82 81       	ldd	r24, Z+2	; 0x02
     df0:	93 81       	ldd	r25, Z+3	; 0x03
     df2:	0c 5f       	subi	r16, 0xFC	; 252
     df4:	1f 4f       	sbci	r17, 0xFF	; 255
     df6:	08 c0       	rjmp	.+16     	; 0xe08 <vfprintf+0x1f6>
     df8:	60 81       	ld	r22, Z
     dfa:	71 81       	ldd	r23, Z+1	; 0x01
     dfc:	07 2e       	mov	r0, r23
     dfe:	00 0c       	add	r0, r0
     e00:	88 0b       	sbc	r24, r24
     e02:	99 0b       	sbc	r25, r25
     e04:	0e 5f       	subi	r16, 0xFE	; 254
     e06:	1f 4f       	sbci	r17, 0xFF	; 255
     e08:	f3 2d       	mov	r31, r3
     e0a:	ff 76       	andi	r31, 0x6F	; 111
     e0c:	3f 2e       	mov	r3, r31
     e0e:	97 ff       	sbrs	r25, 7
     e10:	09 c0       	rjmp	.+18     	; 0xe24 <vfprintf+0x212>
     e12:	90 95       	com	r25
     e14:	80 95       	com	r24
     e16:	70 95       	com	r23
     e18:	61 95       	neg	r22
     e1a:	7f 4f       	sbci	r23, 0xFF	; 255
     e1c:	8f 4f       	sbci	r24, 0xFF	; 255
     e1e:	9f 4f       	sbci	r25, 0xFF	; 255
     e20:	f0 68       	ori	r31, 0x80	; 128
     e22:	3f 2e       	mov	r3, r31
     e24:	2a e0       	ldi	r18, 0x0A	; 10
     e26:	30 e0       	ldi	r19, 0x00	; 0
     e28:	a3 01       	movw	r20, r6
     e2a:	0e 94 57 0b 	call	0x16ae	; 0x16ae <__ultoa_invert>
     e2e:	88 2e       	mov	r8, r24
     e30:	86 18       	sub	r8, r6
     e32:	45 c0       	rjmp	.+138    	; 0xebe <vfprintf+0x2ac>
     e34:	85 37       	cpi	r24, 0x75	; 117
     e36:	31 f4       	brne	.+12     	; 0xe44 <vfprintf+0x232>
     e38:	23 2d       	mov	r18, r3
     e3a:	2f 7e       	andi	r18, 0xEF	; 239
     e3c:	b2 2e       	mov	r11, r18
     e3e:	2a e0       	ldi	r18, 0x0A	; 10
     e40:	30 e0       	ldi	r19, 0x00	; 0
     e42:	25 c0       	rjmp	.+74     	; 0xe8e <vfprintf+0x27c>
     e44:	93 2d       	mov	r25, r3
     e46:	99 7f       	andi	r25, 0xF9	; 249
     e48:	b9 2e       	mov	r11, r25
     e4a:	8f 36       	cpi	r24, 0x6F	; 111
     e4c:	c1 f0       	breq	.+48     	; 0xe7e <vfprintf+0x26c>
     e4e:	18 f4       	brcc	.+6      	; 0xe56 <vfprintf+0x244>
     e50:	88 35       	cpi	r24, 0x58	; 88
     e52:	79 f0       	breq	.+30     	; 0xe72 <vfprintf+0x260>
     e54:	b5 c0       	rjmp	.+362    	; 0xfc0 <vfprintf+0x3ae>
     e56:	80 37       	cpi	r24, 0x70	; 112
     e58:	19 f0       	breq	.+6      	; 0xe60 <vfprintf+0x24e>
     e5a:	88 37       	cpi	r24, 0x78	; 120
     e5c:	21 f0       	breq	.+8      	; 0xe66 <vfprintf+0x254>
     e5e:	b0 c0       	rjmp	.+352    	; 0xfc0 <vfprintf+0x3ae>
     e60:	e9 2f       	mov	r30, r25
     e62:	e0 61       	ori	r30, 0x10	; 16
     e64:	be 2e       	mov	r11, r30
     e66:	b4 fe       	sbrs	r11, 4
     e68:	0d c0       	rjmp	.+26     	; 0xe84 <vfprintf+0x272>
     e6a:	fb 2d       	mov	r31, r11
     e6c:	f4 60       	ori	r31, 0x04	; 4
     e6e:	bf 2e       	mov	r11, r31
     e70:	09 c0       	rjmp	.+18     	; 0xe84 <vfprintf+0x272>
     e72:	34 fe       	sbrs	r3, 4
     e74:	0a c0       	rjmp	.+20     	; 0xe8a <vfprintf+0x278>
     e76:	29 2f       	mov	r18, r25
     e78:	26 60       	ori	r18, 0x06	; 6
     e7a:	b2 2e       	mov	r11, r18
     e7c:	06 c0       	rjmp	.+12     	; 0xe8a <vfprintf+0x278>
     e7e:	28 e0       	ldi	r18, 0x08	; 8
     e80:	30 e0       	ldi	r19, 0x00	; 0
     e82:	05 c0       	rjmp	.+10     	; 0xe8e <vfprintf+0x27c>
     e84:	20 e1       	ldi	r18, 0x10	; 16
     e86:	30 e0       	ldi	r19, 0x00	; 0
     e88:	02 c0       	rjmp	.+4      	; 0xe8e <vfprintf+0x27c>
     e8a:	20 e1       	ldi	r18, 0x10	; 16
     e8c:	32 e0       	ldi	r19, 0x02	; 2
     e8e:	f8 01       	movw	r30, r16
     e90:	b7 fe       	sbrs	r11, 7
     e92:	07 c0       	rjmp	.+14     	; 0xea2 <vfprintf+0x290>
     e94:	60 81       	ld	r22, Z
     e96:	71 81       	ldd	r23, Z+1	; 0x01
     e98:	82 81       	ldd	r24, Z+2	; 0x02
     e9a:	93 81       	ldd	r25, Z+3	; 0x03
     e9c:	0c 5f       	subi	r16, 0xFC	; 252
     e9e:	1f 4f       	sbci	r17, 0xFF	; 255
     ea0:	06 c0       	rjmp	.+12     	; 0xeae <vfprintf+0x29c>
     ea2:	60 81       	ld	r22, Z
     ea4:	71 81       	ldd	r23, Z+1	; 0x01
     ea6:	80 e0       	ldi	r24, 0x00	; 0
     ea8:	90 e0       	ldi	r25, 0x00	; 0
     eaa:	0e 5f       	subi	r16, 0xFE	; 254
     eac:	1f 4f       	sbci	r17, 0xFF	; 255
     eae:	a3 01       	movw	r20, r6
     eb0:	0e 94 57 0b 	call	0x16ae	; 0x16ae <__ultoa_invert>
     eb4:	88 2e       	mov	r8, r24
     eb6:	86 18       	sub	r8, r6
     eb8:	fb 2d       	mov	r31, r11
     eba:	ff 77       	andi	r31, 0x7F	; 127
     ebc:	3f 2e       	mov	r3, r31
     ebe:	36 fe       	sbrs	r3, 6
     ec0:	0d c0       	rjmp	.+26     	; 0xedc <vfprintf+0x2ca>
     ec2:	23 2d       	mov	r18, r3
     ec4:	2e 7f       	andi	r18, 0xFE	; 254
     ec6:	a2 2e       	mov	r10, r18
     ec8:	89 14       	cp	r8, r9
     eca:	58 f4       	brcc	.+22     	; 0xee2 <vfprintf+0x2d0>
     ecc:	34 fe       	sbrs	r3, 4
     ece:	0b c0       	rjmp	.+22     	; 0xee6 <vfprintf+0x2d4>
     ed0:	32 fc       	sbrc	r3, 2
     ed2:	09 c0       	rjmp	.+18     	; 0xee6 <vfprintf+0x2d4>
     ed4:	83 2d       	mov	r24, r3
     ed6:	8e 7e       	andi	r24, 0xEE	; 238
     ed8:	a8 2e       	mov	r10, r24
     eda:	05 c0       	rjmp	.+10     	; 0xee6 <vfprintf+0x2d4>
     edc:	b8 2c       	mov	r11, r8
     ede:	a3 2c       	mov	r10, r3
     ee0:	03 c0       	rjmp	.+6      	; 0xee8 <vfprintf+0x2d6>
     ee2:	b8 2c       	mov	r11, r8
     ee4:	01 c0       	rjmp	.+2      	; 0xee8 <vfprintf+0x2d6>
     ee6:	b9 2c       	mov	r11, r9
     ee8:	a4 fe       	sbrs	r10, 4
     eea:	0f c0       	rjmp	.+30     	; 0xf0a <vfprintf+0x2f8>
     eec:	fe 01       	movw	r30, r28
     eee:	e8 0d       	add	r30, r8
     ef0:	f1 1d       	adc	r31, r1
     ef2:	80 81       	ld	r24, Z
     ef4:	80 33       	cpi	r24, 0x30	; 48
     ef6:	21 f4       	brne	.+8      	; 0xf00 <vfprintf+0x2ee>
     ef8:	9a 2d       	mov	r25, r10
     efa:	99 7e       	andi	r25, 0xE9	; 233
     efc:	a9 2e       	mov	r10, r25
     efe:	09 c0       	rjmp	.+18     	; 0xf12 <vfprintf+0x300>
     f00:	a2 fe       	sbrs	r10, 2
     f02:	06 c0       	rjmp	.+12     	; 0xf10 <vfprintf+0x2fe>
     f04:	b3 94       	inc	r11
     f06:	b3 94       	inc	r11
     f08:	04 c0       	rjmp	.+8      	; 0xf12 <vfprintf+0x300>
     f0a:	8a 2d       	mov	r24, r10
     f0c:	86 78       	andi	r24, 0x86	; 134
     f0e:	09 f0       	breq	.+2      	; 0xf12 <vfprintf+0x300>
     f10:	b3 94       	inc	r11
     f12:	a3 fc       	sbrc	r10, 3
     f14:	11 c0       	rjmp	.+34     	; 0xf38 <vfprintf+0x326>
     f16:	a0 fe       	sbrs	r10, 0
     f18:	06 c0       	rjmp	.+12     	; 0xf26 <vfprintf+0x314>
     f1a:	b2 14       	cp	r11, r2
     f1c:	88 f4       	brcc	.+34     	; 0xf40 <vfprintf+0x32e>
     f1e:	28 0c       	add	r2, r8
     f20:	92 2c       	mov	r9, r2
     f22:	9b 18       	sub	r9, r11
     f24:	0e c0       	rjmp	.+28     	; 0xf42 <vfprintf+0x330>
     f26:	b2 14       	cp	r11, r2
     f28:	60 f4       	brcc	.+24     	; 0xf42 <vfprintf+0x330>
     f2a:	b6 01       	movw	r22, r12
     f2c:	80 e2       	ldi	r24, 0x20	; 32
     f2e:	90 e0       	ldi	r25, 0x00	; 0
     f30:	0e 94 02 0b 	call	0x1604	; 0x1604 <fputc>
     f34:	b3 94       	inc	r11
     f36:	f7 cf       	rjmp	.-18     	; 0xf26 <vfprintf+0x314>
     f38:	b2 14       	cp	r11, r2
     f3a:	18 f4       	brcc	.+6      	; 0xf42 <vfprintf+0x330>
     f3c:	2b 18       	sub	r2, r11
     f3e:	02 c0       	rjmp	.+4      	; 0xf44 <vfprintf+0x332>
     f40:	98 2c       	mov	r9, r8
     f42:	21 2c       	mov	r2, r1
     f44:	a4 fe       	sbrs	r10, 4
     f46:	10 c0       	rjmp	.+32     	; 0xf68 <vfprintf+0x356>
     f48:	b6 01       	movw	r22, r12
     f4a:	80 e3       	ldi	r24, 0x30	; 48
     f4c:	90 e0       	ldi	r25, 0x00	; 0
     f4e:	0e 94 02 0b 	call	0x1604	; 0x1604 <fputc>
     f52:	a2 fe       	sbrs	r10, 2
     f54:	17 c0       	rjmp	.+46     	; 0xf84 <vfprintf+0x372>
     f56:	a1 fc       	sbrc	r10, 1
     f58:	03 c0       	rjmp	.+6      	; 0xf60 <vfprintf+0x34e>
     f5a:	88 e7       	ldi	r24, 0x78	; 120
     f5c:	90 e0       	ldi	r25, 0x00	; 0
     f5e:	02 c0       	rjmp	.+4      	; 0xf64 <vfprintf+0x352>
     f60:	88 e5       	ldi	r24, 0x58	; 88
     f62:	90 e0       	ldi	r25, 0x00	; 0
     f64:	b6 01       	movw	r22, r12
     f66:	0c c0       	rjmp	.+24     	; 0xf80 <vfprintf+0x36e>
     f68:	8a 2d       	mov	r24, r10
     f6a:	86 78       	andi	r24, 0x86	; 134
     f6c:	59 f0       	breq	.+22     	; 0xf84 <vfprintf+0x372>
     f6e:	a1 fe       	sbrs	r10, 1
     f70:	02 c0       	rjmp	.+4      	; 0xf76 <vfprintf+0x364>
     f72:	8b e2       	ldi	r24, 0x2B	; 43
     f74:	01 c0       	rjmp	.+2      	; 0xf78 <vfprintf+0x366>
     f76:	80 e2       	ldi	r24, 0x20	; 32
     f78:	a7 fc       	sbrc	r10, 7
     f7a:	8d e2       	ldi	r24, 0x2D	; 45
     f7c:	b6 01       	movw	r22, r12
     f7e:	90 e0       	ldi	r25, 0x00	; 0
     f80:	0e 94 02 0b 	call	0x1604	; 0x1604 <fputc>
     f84:	89 14       	cp	r8, r9
     f86:	38 f4       	brcc	.+14     	; 0xf96 <vfprintf+0x384>
     f88:	b6 01       	movw	r22, r12
     f8a:	80 e3       	ldi	r24, 0x30	; 48
     f8c:	90 e0       	ldi	r25, 0x00	; 0
     f8e:	0e 94 02 0b 	call	0x1604	; 0x1604 <fputc>
     f92:	9a 94       	dec	r9
     f94:	f7 cf       	rjmp	.-18     	; 0xf84 <vfprintf+0x372>
     f96:	8a 94       	dec	r8
     f98:	f3 01       	movw	r30, r6
     f9a:	e8 0d       	add	r30, r8
     f9c:	f1 1d       	adc	r31, r1
     f9e:	80 81       	ld	r24, Z
     fa0:	b6 01       	movw	r22, r12
     fa2:	90 e0       	ldi	r25, 0x00	; 0
     fa4:	0e 94 02 0b 	call	0x1604	; 0x1604 <fputc>
     fa8:	81 10       	cpse	r8, r1
     faa:	f5 cf       	rjmp	.-22     	; 0xf96 <vfprintf+0x384>
     fac:	22 20       	and	r2, r2
     fae:	09 f4       	brne	.+2      	; 0xfb2 <vfprintf+0x3a0>
     fb0:	42 ce       	rjmp	.-892    	; 0xc36 <vfprintf+0x24>
     fb2:	b6 01       	movw	r22, r12
     fb4:	80 e2       	ldi	r24, 0x20	; 32
     fb6:	90 e0       	ldi	r25, 0x00	; 0
     fb8:	0e 94 02 0b 	call	0x1604	; 0x1604 <fputc>
     fbc:	2a 94       	dec	r2
     fbe:	f6 cf       	rjmp	.-20     	; 0xfac <vfprintf+0x39a>
     fc0:	f6 01       	movw	r30, r12
     fc2:	86 81       	ldd	r24, Z+6	; 0x06
     fc4:	97 81       	ldd	r25, Z+7	; 0x07
     fc6:	02 c0       	rjmp	.+4      	; 0xfcc <vfprintf+0x3ba>
     fc8:	8f ef       	ldi	r24, 0xFF	; 255
     fca:	9f ef       	ldi	r25, 0xFF	; 255
     fcc:	2b 96       	adiw	r28, 0x0b	; 11
     fce:	e2 e1       	ldi	r30, 0x12	; 18
     fd0:	0c 94 d1 0b 	jmp	0x17a2	; 0x17a2 <__epilogue_restores__>

00000fd4 <putval>:
     fd4:	20 fd       	sbrc	r18, 0
     fd6:	09 c0       	rjmp	.+18     	; 0xfea <putval+0x16>
     fd8:	fc 01       	movw	r30, r24
     fda:	23 fd       	sbrc	r18, 3
     fdc:	05 c0       	rjmp	.+10     	; 0xfe8 <putval+0x14>
     fde:	22 ff       	sbrs	r18, 2
     fe0:	02 c0       	rjmp	.+4      	; 0xfe6 <putval+0x12>
     fe2:	73 83       	std	Z+3, r23	; 0x03
     fe4:	62 83       	std	Z+2, r22	; 0x02
     fe6:	51 83       	std	Z+1, r21	; 0x01
     fe8:	40 83       	st	Z, r20
     fea:	08 95       	ret

00000fec <mulacc>:
     fec:	44 fd       	sbrc	r20, 4
     fee:	17 c0       	rjmp	.+46     	; 0x101e <mulacc+0x32>
     ff0:	46 fd       	sbrc	r20, 6
     ff2:	17 c0       	rjmp	.+46     	; 0x1022 <mulacc+0x36>
     ff4:	ab 01       	movw	r20, r22
     ff6:	bc 01       	movw	r22, r24
     ff8:	da 01       	movw	r26, r20
     ffa:	fb 01       	movw	r30, r22
     ffc:	aa 0f       	add	r26, r26
     ffe:	bb 1f       	adc	r27, r27
    1000:	ee 1f       	adc	r30, r30
    1002:	ff 1f       	adc	r31, r31
    1004:	10 94       	com	r1
    1006:	d1 f7       	brne	.-12     	; 0xffc <mulacc+0x10>
    1008:	4a 0f       	add	r20, r26
    100a:	5b 1f       	adc	r21, r27
    100c:	6e 1f       	adc	r22, r30
    100e:	7f 1f       	adc	r23, r31
    1010:	cb 01       	movw	r24, r22
    1012:	ba 01       	movw	r22, r20
    1014:	66 0f       	add	r22, r22
    1016:	77 1f       	adc	r23, r23
    1018:	88 1f       	adc	r24, r24
    101a:	99 1f       	adc	r25, r25
    101c:	09 c0       	rjmp	.+18     	; 0x1030 <mulacc+0x44>
    101e:	33 e0       	ldi	r19, 0x03	; 3
    1020:	01 c0       	rjmp	.+2      	; 0x1024 <mulacc+0x38>
    1022:	34 e0       	ldi	r19, 0x04	; 4
    1024:	66 0f       	add	r22, r22
    1026:	77 1f       	adc	r23, r23
    1028:	88 1f       	adc	r24, r24
    102a:	99 1f       	adc	r25, r25
    102c:	31 50       	subi	r19, 0x01	; 1
    102e:	d1 f7       	brne	.-12     	; 0x1024 <mulacc+0x38>
    1030:	62 0f       	add	r22, r18
    1032:	71 1d       	adc	r23, r1
    1034:	81 1d       	adc	r24, r1
    1036:	91 1d       	adc	r25, r1
    1038:	08 95       	ret

0000103a <skip_spaces>:
    103a:	0f 93       	push	r16
    103c:	1f 93       	push	r17
    103e:	cf 93       	push	r28
    1040:	df 93       	push	r29
    1042:	8c 01       	movw	r16, r24
    1044:	c8 01       	movw	r24, r16
    1046:	0e 94 c4 0a 	call	0x1588	; 0x1588 <fgetc>
    104a:	ec 01       	movw	r28, r24
    104c:	97 fd       	sbrc	r25, 7
    104e:	08 c0       	rjmp	.+16     	; 0x1060 <skip_spaces+0x26>
    1050:	0e 94 9a 0a 	call	0x1534	; 0x1534 <isspace>
    1054:	89 2b       	or	r24, r25
    1056:	b1 f7       	brne	.-20     	; 0x1044 <skip_spaces+0xa>
    1058:	b8 01       	movw	r22, r16
    105a:	ce 01       	movw	r24, r28
    105c:	0e 94 3e 0b 	call	0x167c	; 0x167c <ungetc>
    1060:	ce 01       	movw	r24, r28
    1062:	df 91       	pop	r29
    1064:	cf 91       	pop	r28
    1066:	1f 91       	pop	r17
    1068:	0f 91       	pop	r16
    106a:	08 95       	ret

0000106c <conv_int>:
    106c:	8f 92       	push	r8
    106e:	9f 92       	push	r9
    1070:	af 92       	push	r10
    1072:	bf 92       	push	r11
    1074:	ef 92       	push	r14
    1076:	ff 92       	push	r15
    1078:	0f 93       	push	r16
    107a:	1f 93       	push	r17
    107c:	cf 93       	push	r28
    107e:	df 93       	push	r29
    1080:	8c 01       	movw	r16, r24
    1082:	d6 2f       	mov	r29, r22
    1084:	7a 01       	movw	r14, r20
    1086:	b2 2e       	mov	r11, r18
    1088:	0e 94 c4 0a 	call	0x1588	; 0x1588 <fgetc>
    108c:	9c 01       	movw	r18, r24
    108e:	33 27       	eor	r19, r19
    1090:	2b 32       	cpi	r18, 0x2B	; 43
    1092:	31 05       	cpc	r19, r1
    1094:	31 f0       	breq	.+12     	; 0x10a2 <conv_int+0x36>
    1096:	2d 32       	cpi	r18, 0x2D	; 45
    1098:	31 05       	cpc	r19, r1
    109a:	61 f4       	brne	.+24     	; 0x10b4 <conv_int+0x48>
    109c:	8b 2d       	mov	r24, r11
    109e:	80 68       	ori	r24, 0x80	; 128
    10a0:	b8 2e       	mov	r11, r24
    10a2:	d1 50       	subi	r29, 0x01	; 1
    10a4:	11 f4       	brne	.+4      	; 0x10aa <conv_int+0x3e>
    10a6:	80 e0       	ldi	r24, 0x00	; 0
    10a8:	68 c0       	rjmp	.+208    	; 0x117a <conv_int+0x10e>
    10aa:	c8 01       	movw	r24, r16
    10ac:	0e 94 c4 0a 	call	0x1588	; 0x1588 <fgetc>
    10b0:	97 fd       	sbrc	r25, 7
    10b2:	f9 cf       	rjmp	.-14     	; 0x10a6 <conv_int+0x3a>
    10b4:	cb 2d       	mov	r28, r11
    10b6:	cd 7f       	andi	r28, 0xFD	; 253
    10b8:	2b 2d       	mov	r18, r11
    10ba:	20 73       	andi	r18, 0x30	; 48
    10bc:	09 f5       	brne	.+66     	; 0x1100 <conv_int+0x94>
    10be:	80 33       	cpi	r24, 0x30	; 48
    10c0:	f9 f4       	brne	.+62     	; 0x1100 <conv_int+0x94>
    10c2:	aa 24       	eor	r10, r10
    10c4:	aa 94       	dec	r10
    10c6:	ad 0e       	add	r10, r29
    10c8:	09 f4       	brne	.+2      	; 0x10cc <conv_int+0x60>
    10ca:	43 c0       	rjmp	.+134    	; 0x1152 <conv_int+0xe6>
    10cc:	c8 01       	movw	r24, r16
    10ce:	0e 94 c4 0a 	call	0x1588	; 0x1588 <fgetc>
    10d2:	97 fd       	sbrc	r25, 7
    10d4:	3e c0       	rjmp	.+124    	; 0x1152 <conv_int+0xe6>
    10d6:	9c 01       	movw	r18, r24
    10d8:	2f 7d       	andi	r18, 0xDF	; 223
    10da:	33 27       	eor	r19, r19
    10dc:	28 35       	cpi	r18, 0x58	; 88
    10de:	31 05       	cpc	r19, r1
    10e0:	49 f4       	brne	.+18     	; 0x10f4 <conv_int+0x88>
    10e2:	c2 64       	ori	r28, 0x42	; 66
    10e4:	d2 50       	subi	r29, 0x02	; 2
    10e6:	a9 f1       	breq	.+106    	; 0x1152 <conv_int+0xe6>
    10e8:	c8 01       	movw	r24, r16
    10ea:	0e 94 c4 0a 	call	0x1588	; 0x1588 <fgetc>
    10ee:	97 ff       	sbrs	r25, 7
    10f0:	07 c0       	rjmp	.+14     	; 0x1100 <conv_int+0x94>
    10f2:	2f c0       	rjmp	.+94     	; 0x1152 <conv_int+0xe6>
    10f4:	b6 fe       	sbrs	r11, 6
    10f6:	02 c0       	rjmp	.+4      	; 0x10fc <conv_int+0x90>
    10f8:	c2 60       	ori	r28, 0x02	; 2
    10fa:	01 c0       	rjmp	.+2      	; 0x10fe <conv_int+0x92>
    10fc:	c2 61       	ori	r28, 0x12	; 18
    10fe:	da 2d       	mov	r29, r10
    1100:	81 2c       	mov	r8, r1
    1102:	91 2c       	mov	r9, r1
    1104:	54 01       	movw	r10, r8
    1106:	20 ed       	ldi	r18, 0xD0	; 208
    1108:	28 0f       	add	r18, r24
    110a:	28 30       	cpi	r18, 0x08	; 8
    110c:	80 f0       	brcs	.+32     	; 0x112e <conv_int+0xc2>
    110e:	c4 ff       	sbrs	r28, 4
    1110:	04 c0       	rjmp	.+8      	; 0x111a <conv_int+0xae>
    1112:	b8 01       	movw	r22, r16
    1114:	0e 94 3e 0b 	call	0x167c	; 0x167c <ungetc>
    1118:	19 c0       	rjmp	.+50     	; 0x114c <conv_int+0xe0>
    111a:	2a 30       	cpi	r18, 0x0A	; 10
    111c:	40 f0       	brcs	.+16     	; 0x112e <conv_int+0xc2>
    111e:	c6 ff       	sbrs	r28, 6
    1120:	f8 cf       	rjmp	.-16     	; 0x1112 <conv_int+0xa6>
    1122:	2f 7d       	andi	r18, 0xDF	; 223
    1124:	3f ee       	ldi	r19, 0xEF	; 239
    1126:	32 0f       	add	r19, r18
    1128:	36 30       	cpi	r19, 0x06	; 6
    112a:	98 f7       	brcc	.-26     	; 0x1112 <conv_int+0xa6>
    112c:	27 50       	subi	r18, 0x07	; 7
    112e:	4c 2f       	mov	r20, r28
    1130:	c5 01       	movw	r24, r10
    1132:	b4 01       	movw	r22, r8
    1134:	0e 94 f6 07 	call	0xfec	; 0xfec <mulacc>
    1138:	4b 01       	movw	r8, r22
    113a:	5c 01       	movw	r10, r24
    113c:	c2 60       	ori	r28, 0x02	; 2
    113e:	d1 50       	subi	r29, 0x01	; 1
    1140:	59 f0       	breq	.+22     	; 0x1158 <conv_int+0xec>
    1142:	c8 01       	movw	r24, r16
    1144:	0e 94 c4 0a 	call	0x1588	; 0x1588 <fgetc>
    1148:	97 ff       	sbrs	r25, 7
    114a:	dd cf       	rjmp	.-70     	; 0x1106 <conv_int+0x9a>
    114c:	c1 fd       	sbrc	r28, 1
    114e:	04 c0       	rjmp	.+8      	; 0x1158 <conv_int+0xec>
    1150:	aa cf       	rjmp	.-172    	; 0x10a6 <conv_int+0x3a>
    1152:	81 2c       	mov	r8, r1
    1154:	91 2c       	mov	r9, r1
    1156:	54 01       	movw	r10, r8
    1158:	c7 ff       	sbrs	r28, 7
    115a:	08 c0       	rjmp	.+16     	; 0x116c <conv_int+0x100>
    115c:	b0 94       	com	r11
    115e:	a0 94       	com	r10
    1160:	90 94       	com	r9
    1162:	80 94       	com	r8
    1164:	81 1c       	adc	r8, r1
    1166:	91 1c       	adc	r9, r1
    1168:	a1 1c       	adc	r10, r1
    116a:	b1 1c       	adc	r11, r1
    116c:	2c 2f       	mov	r18, r28
    116e:	b5 01       	movw	r22, r10
    1170:	a4 01       	movw	r20, r8
    1172:	c7 01       	movw	r24, r14
    1174:	0e 94 ea 07 	call	0xfd4	; 0xfd4 <putval>
    1178:	81 e0       	ldi	r24, 0x01	; 1
    117a:	df 91       	pop	r29
    117c:	cf 91       	pop	r28
    117e:	1f 91       	pop	r17
    1180:	0f 91       	pop	r16
    1182:	ff 90       	pop	r15
    1184:	ef 90       	pop	r14
    1186:	bf 90       	pop	r11
    1188:	af 90       	pop	r10
    118a:	9f 90       	pop	r9
    118c:	8f 90       	pop	r8
    118e:	08 95       	ret

00001190 <conv_brk>:
    1190:	a0 e2       	ldi	r26, 0x20	; 32
    1192:	b0 e0       	ldi	r27, 0x00	; 0
    1194:	ee ec       	ldi	r30, 0xCE	; 206
    1196:	f8 e0       	ldi	r31, 0x08	; 8
    1198:	0c 94 b8 0b 	jmp	0x1770	; 0x1770 <__prologue_saves__+0x6>
    119c:	5c 01       	movw	r10, r24
    119e:	96 2e       	mov	r9, r22
    11a0:	7a 01       	movw	r14, r20
    11a2:	f9 01       	movw	r30, r18
    11a4:	8e 01       	movw	r16, r28
    11a6:	0f 5f       	subi	r16, 0xFF	; 255
    11a8:	1f 4f       	sbci	r17, 0xFF	; 255
    11aa:	68 01       	movw	r12, r16
    11ac:	80 e2       	ldi	r24, 0x20	; 32
    11ae:	d8 01       	movw	r26, r16
    11b0:	1d 92       	st	X+, r1
    11b2:	8a 95       	dec	r24
    11b4:	e9 f7       	brne	.-6      	; 0x11b0 <conv_brk+0x20>
    11b6:	d5 01       	movw	r26, r10
    11b8:	13 96       	adiw	r26, 0x03	; 3
    11ba:	8c 90       	ld	r8, X
    11bc:	80 e0       	ldi	r24, 0x00	; 0
    11be:	90 e0       	ldi	r25, 0x00	; 0
    11c0:	61 2c       	mov	r6, r1
    11c2:	71 2c       	mov	r7, r1
    11c4:	30 e0       	ldi	r19, 0x00	; 0
    11c6:	61 e0       	ldi	r22, 0x01	; 1
    11c8:	70 e0       	ldi	r23, 0x00	; 0
    11ca:	83 fc       	sbrc	r8, 3
    11cc:	25 91       	lpm	r18, Z+
    11ce:	83 fe       	sbrs	r8, 3
    11d0:	21 91       	ld	r18, Z+
    11d2:	8f 01       	movw	r16, r30
    11d4:	52 2e       	mov	r5, r18
    11d6:	21 11       	cpse	r18, r1
    11d8:	03 c0       	rjmp	.+6      	; 0x11e0 <conv_brk+0x50>
    11da:	80 e0       	ldi	r24, 0x00	; 0
    11dc:	90 e0       	ldi	r25, 0x00	; 0
    11de:	92 c0       	rjmp	.+292    	; 0x1304 <conv_brk+0x174>
    11e0:	2e 35       	cpi	r18, 0x5E	; 94
    11e2:	11 f4       	brne	.+4      	; 0x11e8 <conv_brk+0x58>
    11e4:	00 97       	sbiw	r24, 0x00	; 0
    11e6:	51 f1       	breq	.+84     	; 0x123c <conv_brk+0xac>
    11e8:	43 2f       	mov	r20, r19
    11ea:	50 e0       	ldi	r21, 0x00	; 0
    11ec:	48 17       	cp	r20, r24
    11ee:	59 07       	cpc	r21, r25
    11f0:	3c f4       	brge	.+14     	; 0x1200 <conv_brk+0x70>
    11f2:	2d 35       	cpi	r18, 0x5D	; 93
    11f4:	59 f1       	breq	.+86     	; 0x124c <conv_brk+0xbc>
    11f6:	2d 32       	cpi	r18, 0x2D	; 45
    11f8:	19 f4       	brne	.+6      	; 0x1200 <conv_brk+0x70>
    11fa:	77 20       	and	r7, r7
    11fc:	09 f1       	breq	.+66     	; 0x1240 <conv_brk+0xb0>
    11fe:	03 c0       	rjmp	.+6      	; 0x1206 <conv_brk+0x76>
    1200:	77 20       	and	r7, r7
    1202:	09 f4       	brne	.+2      	; 0x1206 <conv_brk+0x76>
    1204:	6a c0       	rjmp	.+212    	; 0x12da <conv_brk+0x14a>
    1206:	45 2d       	mov	r20, r5
    1208:	46 95       	lsr	r20
    120a:	46 95       	lsr	r20
    120c:	46 95       	lsr	r20
    120e:	d6 01       	movw	r26, r12
    1210:	a4 0f       	add	r26, r20
    1212:	b1 1d       	adc	r27, r1
    1214:	45 2d       	mov	r20, r5
    1216:	47 70       	andi	r20, 0x07	; 7
    1218:	8b 01       	movw	r16, r22
    121a:	02 c0       	rjmp	.+4      	; 0x1220 <conv_brk+0x90>
    121c:	00 0f       	add	r16, r16
    121e:	11 1f       	adc	r17, r17
    1220:	4a 95       	dec	r20
    1222:	e2 f7       	brpl	.-8      	; 0x121c <conv_brk+0x8c>
    1224:	a8 01       	movw	r20, r16
    1226:	5c 91       	ld	r21, X
    1228:	45 2b       	or	r20, r21
    122a:	4c 93       	st	X, r20
    122c:	65 14       	cp	r6, r5
    122e:	59 f0       	breq	.+22     	; 0x1246 <conv_brk+0xb6>
    1230:	56 14       	cp	r5, r6
    1232:	10 f4       	brcc	.+4      	; 0x1238 <conv_brk+0xa8>
    1234:	53 94       	inc	r5
    1236:	e7 cf       	rjmp	.-50     	; 0x1206 <conv_brk+0x76>
    1238:	5a 94       	dec	r5
    123a:	e5 cf       	rjmp	.-54     	; 0x1206 <conv_brk+0x76>
    123c:	31 e0       	ldi	r19, 0x01	; 1
    123e:	04 c0       	rjmp	.+8      	; 0x1248 <conv_brk+0xb8>
    1240:	77 24       	eor	r7, r7
    1242:	73 94       	inc	r7
    1244:	01 c0       	rjmp	.+2      	; 0x1248 <conv_brk+0xb8>
    1246:	71 2c       	mov	r7, r1
    1248:	01 96       	adiw	r24, 0x01	; 1
    124a:	bf cf       	rjmp	.-130    	; 0x11ca <conv_brk+0x3a>
    124c:	77 20       	and	r7, r7
    124e:	19 f0       	breq	.+6      	; 0x1256 <conv_brk+0xc6>
    1250:	8e 81       	ldd	r24, Y+6	; 0x06
    1252:	80 62       	ori	r24, 0x20	; 32
    1254:	8e 83       	std	Y+6, r24	; 0x06
    1256:	31 11       	cpse	r19, r1
    1258:	03 c0       	rjmp	.+6      	; 0x1260 <conv_brk+0xd0>
    125a:	88 24       	eor	r8, r8
    125c:	83 94       	inc	r8
    125e:	17 c0       	rjmp	.+46     	; 0x128e <conv_brk+0xfe>
    1260:	f6 01       	movw	r30, r12
    1262:	9e 01       	movw	r18, r28
    1264:	2f 5d       	subi	r18, 0xDF	; 223
    1266:	3f 4f       	sbci	r19, 0xFF	; 255
    1268:	80 81       	ld	r24, Z
    126a:	80 95       	com	r24
    126c:	81 93       	st	Z+, r24
    126e:	2e 17       	cp	r18, r30
    1270:	3f 07       	cpc	r19, r31
    1272:	d1 f7       	brne	.-12     	; 0x1268 <conv_brk+0xd8>
    1274:	f2 cf       	rjmp	.-28     	; 0x125a <conv_brk+0xca>
    1276:	e1 14       	cp	r14, r1
    1278:	f1 04       	cpc	r15, r1
    127a:	29 f0       	breq	.+10     	; 0x1286 <conv_brk+0xf6>
    127c:	d7 01       	movw	r26, r14
    127e:	8c 93       	st	X, r24
    1280:	f7 01       	movw	r30, r14
    1282:	31 96       	adiw	r30, 0x01	; 1
    1284:	7f 01       	movw	r14, r30
    1286:	9a 94       	dec	r9
    1288:	81 2c       	mov	r8, r1
    128a:	99 20       	and	r9, r9
    128c:	f9 f0       	breq	.+62     	; 0x12cc <conv_brk+0x13c>
    128e:	c5 01       	movw	r24, r10
    1290:	0e 94 c4 0a 	call	0x1588	; 0x1588 <fgetc>
    1294:	97 fd       	sbrc	r25, 7
    1296:	18 c0       	rjmp	.+48     	; 0x12c8 <conv_brk+0x138>
    1298:	fc 01       	movw	r30, r24
    129a:	ff 27       	eor	r31, r31
    129c:	23 e0       	ldi	r18, 0x03	; 3
    129e:	f5 95       	asr	r31
    12a0:	e7 95       	ror	r30
    12a2:	2a 95       	dec	r18
    12a4:	e1 f7       	brne	.-8      	; 0x129e <conv_brk+0x10e>
    12a6:	ec 0d       	add	r30, r12
    12a8:	fd 1d       	adc	r31, r13
    12aa:	20 81       	ld	r18, Z
    12ac:	30 e0       	ldi	r19, 0x00	; 0
    12ae:	ac 01       	movw	r20, r24
    12b0:	47 70       	andi	r20, 0x07	; 7
    12b2:	55 27       	eor	r21, r21
    12b4:	02 c0       	rjmp	.+4      	; 0x12ba <conv_brk+0x12a>
    12b6:	35 95       	asr	r19
    12b8:	27 95       	ror	r18
    12ba:	4a 95       	dec	r20
    12bc:	e2 f7       	brpl	.-8      	; 0x12b6 <conv_brk+0x126>
    12be:	20 fd       	sbrc	r18, 0
    12c0:	da cf       	rjmp	.-76     	; 0x1276 <conv_brk+0xe6>
    12c2:	b5 01       	movw	r22, r10
    12c4:	0e 94 3e 0b 	call	0x167c	; 0x167c <ungetc>
    12c8:	81 10       	cpse	r8, r1
    12ca:	87 cf       	rjmp	.-242    	; 0x11da <conv_brk+0x4a>
    12cc:	e1 14       	cp	r14, r1
    12ce:	f1 04       	cpc	r15, r1
    12d0:	11 f0       	breq	.+4      	; 0x12d6 <conv_brk+0x146>
    12d2:	d7 01       	movw	r26, r14
    12d4:	1c 92       	st	X, r1
    12d6:	c8 01       	movw	r24, r16
    12d8:	15 c0       	rjmp	.+42     	; 0x1304 <conv_brk+0x174>
    12da:	42 2f       	mov	r20, r18
    12dc:	46 95       	lsr	r20
    12de:	46 95       	lsr	r20
    12e0:	46 95       	lsr	r20
    12e2:	d6 01       	movw	r26, r12
    12e4:	a4 0f       	add	r26, r20
    12e6:	b1 1d       	adc	r27, r1
    12e8:	42 2f       	mov	r20, r18
    12ea:	47 70       	andi	r20, 0x07	; 7
    12ec:	8b 01       	movw	r16, r22
    12ee:	02 c0       	rjmp	.+4      	; 0x12f4 <conv_brk+0x164>
    12f0:	00 0f       	add	r16, r16
    12f2:	11 1f       	adc	r17, r17
    12f4:	4a 95       	dec	r20
    12f6:	e2 f7       	brpl	.-8      	; 0x12f0 <conv_brk+0x160>
    12f8:	a8 01       	movw	r20, r16
    12fa:	5c 91       	ld	r21, X
    12fc:	45 2b       	or	r20, r21
    12fe:	4c 93       	st	X, r20
    1300:	62 2e       	mov	r6, r18
    1302:	a2 cf       	rjmp	.-188    	; 0x1248 <conv_brk+0xb8>
    1304:	a0 96       	adiw	r28, 0x20	; 32
    1306:	ef e0       	ldi	r30, 0x0F	; 15
    1308:	0c 94 d4 0b 	jmp	0x17a8	; 0x17a8 <__epilogue_restores__+0x6>

0000130c <vfscanf>:
    130c:	a0 e0       	ldi	r26, 0x00	; 0
    130e:	b0 e0       	ldi	r27, 0x00	; 0
    1310:	ec e8       	ldi	r30, 0x8C	; 140
    1312:	f9 e0       	ldi	r31, 0x09	; 9
    1314:	0c 94 b8 0b 	jmp	0x1770	; 0x1770 <__prologue_saves__+0x6>
    1318:	6c 01       	movw	r12, r24
    131a:	eb 01       	movw	r28, r22
    131c:	5a 01       	movw	r10, r20
    131e:	fc 01       	movw	r30, r24
    1320:	17 82       	std	Z+7, r1	; 0x07
    1322:	16 82       	std	Z+6, r1	; 0x06
    1324:	51 2c       	mov	r5, r1
    1326:	f6 01       	movw	r30, r12
    1328:	e3 80       	ldd	r14, Z+3	; 0x03
    132a:	fe 01       	movw	r30, r28
    132c:	e3 fc       	sbrc	r14, 3
    132e:	85 91       	lpm	r24, Z+
    1330:	e3 fe       	sbrs	r14, 3
    1332:	81 91       	ld	r24, Z+
    1334:	18 2f       	mov	r17, r24
    1336:	ef 01       	movw	r28, r30
    1338:	88 23       	and	r24, r24
    133a:	09 f4       	brne	.+2      	; 0x133e <vfscanf+0x32>
    133c:	ee c0       	rjmp	.+476    	; 0x151a <vfscanf+0x20e>
    133e:	90 e0       	ldi	r25, 0x00	; 0
    1340:	0e 94 9a 0a 	call	0x1534	; 0x1534 <isspace>
    1344:	89 2b       	or	r24, r25
    1346:	21 f0       	breq	.+8      	; 0x1350 <vfscanf+0x44>
    1348:	c6 01       	movw	r24, r12
    134a:	0e 94 1d 08 	call	0x103a	; 0x103a <skip_spaces>
    134e:	eb cf       	rjmp	.-42     	; 0x1326 <vfscanf+0x1a>
    1350:	15 32       	cpi	r17, 0x25	; 37
    1352:	41 f4       	brne	.+16     	; 0x1364 <vfscanf+0x58>
    1354:	fe 01       	movw	r30, r28
    1356:	e3 fc       	sbrc	r14, 3
    1358:	15 91       	lpm	r17, Z+
    135a:	e3 fe       	sbrs	r14, 3
    135c:	11 91       	ld	r17, Z+
    135e:	ef 01       	movw	r28, r30
    1360:	15 32       	cpi	r17, 0x25	; 37
    1362:	81 f4       	brne	.+32     	; 0x1384 <vfscanf+0x78>
    1364:	c6 01       	movw	r24, r12
    1366:	0e 94 c4 0a 	call	0x1588	; 0x1588 <fgetc>
    136a:	97 fd       	sbrc	r25, 7
    136c:	d4 c0       	rjmp	.+424    	; 0x1516 <vfscanf+0x20a>
    136e:	41 2f       	mov	r20, r17
    1370:	50 e0       	ldi	r21, 0x00	; 0
    1372:	9c 01       	movw	r18, r24
    1374:	33 27       	eor	r19, r19
    1376:	24 17       	cp	r18, r20
    1378:	35 07       	cpc	r19, r21
    137a:	a9 f2       	breq	.-86     	; 0x1326 <vfscanf+0x1a>
    137c:	b6 01       	movw	r22, r12
    137e:	0e 94 3e 0b 	call	0x167c	; 0x167c <ungetc>
    1382:	cb c0       	rjmp	.+406    	; 0x151a <vfscanf+0x20e>
    1384:	1a 32       	cpi	r17, 0x2A	; 42
    1386:	39 f4       	brne	.+14     	; 0x1396 <vfscanf+0x8a>
    1388:	e3 fc       	sbrc	r14, 3
    138a:	15 91       	lpm	r17, Z+
    138c:	e3 fe       	sbrs	r14, 3
    138e:	11 91       	ld	r17, Z+
    1390:	ef 01       	movw	r28, r30
    1392:	01 e0       	ldi	r16, 0x01	; 1
    1394:	01 c0       	rjmp	.+2      	; 0x1398 <vfscanf+0x8c>
    1396:	00 e0       	ldi	r16, 0x00	; 0
    1398:	f1 2c       	mov	r15, r1
    139a:	20 ed       	ldi	r18, 0xD0	; 208
    139c:	21 0f       	add	r18, r17
    139e:	2a 30       	cpi	r18, 0x0A	; 10
    13a0:	80 f4       	brcc	.+32     	; 0x13c2 <vfscanf+0xb6>
    13a2:	02 60       	ori	r16, 0x02	; 2
    13a4:	6f 2d       	mov	r22, r15
    13a6:	70 e0       	ldi	r23, 0x00	; 0
    13a8:	80 e0       	ldi	r24, 0x00	; 0
    13aa:	90 e0       	ldi	r25, 0x00	; 0
    13ac:	40 e2       	ldi	r20, 0x20	; 32
    13ae:	0e 94 f6 07 	call	0xfec	; 0xfec <mulacc>
    13b2:	f6 2e       	mov	r15, r22
    13b4:	fe 01       	movw	r30, r28
    13b6:	e3 fc       	sbrc	r14, 3
    13b8:	15 91       	lpm	r17, Z+
    13ba:	e3 fe       	sbrs	r14, 3
    13bc:	11 91       	ld	r17, Z+
    13be:	ef 01       	movw	r28, r30
    13c0:	ec cf       	rjmp	.-40     	; 0x139a <vfscanf+0x8e>
    13c2:	01 ff       	sbrs	r16, 1
    13c4:	03 c0       	rjmp	.+6      	; 0x13cc <vfscanf+0xc0>
    13c6:	f1 10       	cpse	r15, r1
    13c8:	03 c0       	rjmp	.+6      	; 0x13d0 <vfscanf+0xc4>
    13ca:	a7 c0       	rjmp	.+334    	; 0x151a <vfscanf+0x20e>
    13cc:	ff 24       	eor	r15, r15
    13ce:	fa 94       	dec	r15
    13d0:	18 36       	cpi	r17, 0x68	; 104
    13d2:	19 f0       	breq	.+6      	; 0x13da <vfscanf+0xce>
    13d4:	1c 36       	cpi	r17, 0x6C	; 108
    13d6:	51 f0       	breq	.+20     	; 0x13ec <vfscanf+0xe0>
    13d8:	10 c0       	rjmp	.+32     	; 0x13fa <vfscanf+0xee>
    13da:	fe 01       	movw	r30, r28
    13dc:	e3 fc       	sbrc	r14, 3
    13de:	15 91       	lpm	r17, Z+
    13e0:	e3 fe       	sbrs	r14, 3
    13e2:	11 91       	ld	r17, Z+
    13e4:	ef 01       	movw	r28, r30
    13e6:	18 36       	cpi	r17, 0x68	; 104
    13e8:	41 f4       	brne	.+16     	; 0x13fa <vfscanf+0xee>
    13ea:	08 60       	ori	r16, 0x08	; 8
    13ec:	04 60       	ori	r16, 0x04	; 4
    13ee:	fe 01       	movw	r30, r28
    13f0:	e3 fc       	sbrc	r14, 3
    13f2:	15 91       	lpm	r17, Z+
    13f4:	e3 fe       	sbrs	r14, 3
    13f6:	11 91       	ld	r17, Z+
    13f8:	ef 01       	movw	r28, r30
    13fa:	11 23       	and	r17, r17
    13fc:	09 f4       	brne	.+2      	; 0x1400 <vfscanf+0xf4>
    13fe:	8d c0       	rjmp	.+282    	; 0x151a <vfscanf+0x20e>
    1400:	61 2f       	mov	r22, r17
    1402:	70 e0       	ldi	r23, 0x00	; 0
    1404:	88 e6       	ldi	r24, 0x68	; 104
    1406:	90 e0       	ldi	r25, 0x00	; 0
    1408:	0e 94 a3 0a 	call	0x1546	; 0x1546 <strchr_P>
    140c:	89 2b       	or	r24, r25
    140e:	09 f4       	brne	.+2      	; 0x1412 <vfscanf+0x106>
    1410:	84 c0       	rjmp	.+264    	; 0x151a <vfscanf+0x20e>
    1412:	00 fd       	sbrc	r16, 0
    1414:	07 c0       	rjmp	.+14     	; 0x1424 <vfscanf+0x118>
    1416:	f5 01       	movw	r30, r10
    1418:	80 80       	ld	r8, Z
    141a:	91 80       	ldd	r9, Z+1	; 0x01
    141c:	c5 01       	movw	r24, r10
    141e:	02 96       	adiw	r24, 0x02	; 2
    1420:	5c 01       	movw	r10, r24
    1422:	02 c0       	rjmp	.+4      	; 0x1428 <vfscanf+0x11c>
    1424:	81 2c       	mov	r8, r1
    1426:	91 2c       	mov	r9, r1
    1428:	1e 36       	cpi	r17, 0x6E	; 110
    142a:	51 f4       	brne	.+20     	; 0x1440 <vfscanf+0x134>
    142c:	f6 01       	movw	r30, r12
    142e:	46 81       	ldd	r20, Z+6	; 0x06
    1430:	57 81       	ldd	r21, Z+7	; 0x07
    1432:	60 e0       	ldi	r22, 0x00	; 0
    1434:	70 e0       	ldi	r23, 0x00	; 0
    1436:	20 2f       	mov	r18, r16
    1438:	c4 01       	movw	r24, r8
    143a:	0e 94 ea 07 	call	0xfd4	; 0xfd4 <putval>
    143e:	73 cf       	rjmp	.-282    	; 0x1326 <vfscanf+0x1a>
    1440:	13 36       	cpi	r17, 0x63	; 99
    1442:	a9 f4       	brne	.+42     	; 0x146e <vfscanf+0x162>
    1444:	01 fd       	sbrc	r16, 1
    1446:	02 c0       	rjmp	.+4      	; 0x144c <vfscanf+0x140>
    1448:	ff 24       	eor	r15, r15
    144a:	f3 94       	inc	r15
    144c:	c6 01       	movw	r24, r12
    144e:	0e 94 c4 0a 	call	0x1588	; 0x1588 <fgetc>
    1452:	97 fd       	sbrc	r25, 7
    1454:	60 c0       	rjmp	.+192    	; 0x1516 <vfscanf+0x20a>
    1456:	81 14       	cp	r8, r1
    1458:	91 04       	cpc	r9, r1
    145a:	29 f0       	breq	.+10     	; 0x1466 <vfscanf+0x15a>
    145c:	f4 01       	movw	r30, r8
    145e:	80 83       	st	Z, r24
    1460:	c4 01       	movw	r24, r8
    1462:	01 96       	adiw	r24, 0x01	; 1
    1464:	4c 01       	movw	r8, r24
    1466:	fa 94       	dec	r15
    1468:	f1 10       	cpse	r15, r1
    146a:	f0 cf       	rjmp	.-32     	; 0x144c <vfscanf+0x140>
    146c:	50 c0       	rjmp	.+160    	; 0x150e <vfscanf+0x202>
    146e:	1b 35       	cpi	r17, 0x5B	; 91
    1470:	59 f4       	brne	.+22     	; 0x1488 <vfscanf+0x17c>
    1472:	9e 01       	movw	r18, r28
    1474:	a4 01       	movw	r20, r8
    1476:	6f 2d       	mov	r22, r15
    1478:	c6 01       	movw	r24, r12
    147a:	0e 94 c8 08 	call	0x1190	; 0x1190 <conv_brk>
    147e:	ec 01       	movw	r28, r24
    1480:	89 2b       	or	r24, r25
    1482:	09 f0       	breq	.+2      	; 0x1486 <vfscanf+0x17a>
    1484:	44 c0       	rjmp	.+136    	; 0x150e <vfscanf+0x202>
    1486:	3e c0       	rjmp	.+124    	; 0x1504 <vfscanf+0x1f8>
    1488:	c6 01       	movw	r24, r12
    148a:	0e 94 1d 08 	call	0x103a	; 0x103a <skip_spaces>
    148e:	97 fd       	sbrc	r25, 7
    1490:	42 c0       	rjmp	.+132    	; 0x1516 <vfscanf+0x20a>
    1492:	1f 36       	cpi	r17, 0x6F	; 111
    1494:	61 f1       	breq	.+88     	; 0x14ee <vfscanf+0x1e2>
    1496:	28 f4       	brcc	.+10     	; 0x14a2 <vfscanf+0x196>
    1498:	14 36       	cpi	r17, 0x64	; 100
    149a:	39 f1       	breq	.+78     	; 0x14ea <vfscanf+0x1de>
    149c:	19 36       	cpi	r17, 0x69	; 105
    149e:	51 f1       	breq	.+84     	; 0x14f4 <vfscanf+0x1e8>
    14a0:	28 c0       	rjmp	.+80     	; 0x14f2 <vfscanf+0x1e6>
    14a2:	13 37       	cpi	r17, 0x73	; 115
    14a4:	71 f0       	breq	.+28     	; 0x14c2 <vfscanf+0x1b6>
    14a6:	15 37       	cpi	r17, 0x75	; 117
    14a8:	01 f1       	breq	.+64     	; 0x14ea <vfscanf+0x1de>
    14aa:	23 c0       	rjmp	.+70     	; 0x14f2 <vfscanf+0x1e6>
    14ac:	81 14       	cp	r8, r1
    14ae:	91 04       	cpc	r9, r1
    14b0:	29 f0       	breq	.+10     	; 0x14bc <vfscanf+0x1b0>
    14b2:	f4 01       	movw	r30, r8
    14b4:	60 82       	st	Z, r6
    14b6:	c4 01       	movw	r24, r8
    14b8:	01 96       	adiw	r24, 0x01	; 1
    14ba:	4c 01       	movw	r8, r24
    14bc:	fa 94       	dec	r15
    14be:	ff 20       	and	r15, r15
    14c0:	71 f0       	breq	.+28     	; 0x14de <vfscanf+0x1d2>
    14c2:	c6 01       	movw	r24, r12
    14c4:	0e 94 c4 0a 	call	0x1588	; 0x1588 <fgetc>
    14c8:	3c 01       	movw	r6, r24
    14ca:	97 fd       	sbrc	r25, 7
    14cc:	08 c0       	rjmp	.+16     	; 0x14de <vfscanf+0x1d2>
    14ce:	0e 94 9a 0a 	call	0x1534	; 0x1534 <isspace>
    14d2:	89 2b       	or	r24, r25
    14d4:	59 f3       	breq	.-42     	; 0x14ac <vfscanf+0x1a0>
    14d6:	b6 01       	movw	r22, r12
    14d8:	c3 01       	movw	r24, r6
    14da:	0e 94 3e 0b 	call	0x167c	; 0x167c <ungetc>
    14de:	81 14       	cp	r8, r1
    14e0:	91 04       	cpc	r9, r1
    14e2:	a9 f0       	breq	.+42     	; 0x150e <vfscanf+0x202>
    14e4:	f4 01       	movw	r30, r8
    14e6:	10 82       	st	Z, r1
    14e8:	12 c0       	rjmp	.+36     	; 0x150e <vfscanf+0x202>
    14ea:	00 62       	ori	r16, 0x20	; 32
    14ec:	03 c0       	rjmp	.+6      	; 0x14f4 <vfscanf+0x1e8>
    14ee:	00 61       	ori	r16, 0x10	; 16
    14f0:	01 c0       	rjmp	.+2      	; 0x14f4 <vfscanf+0x1e8>
    14f2:	00 64       	ori	r16, 0x40	; 64
    14f4:	20 2f       	mov	r18, r16
    14f6:	a4 01       	movw	r20, r8
    14f8:	6f 2d       	mov	r22, r15
    14fa:	c6 01       	movw	r24, r12
    14fc:	0e 94 36 08 	call	0x106c	; 0x106c <conv_int>
    1500:	81 11       	cpse	r24, r1
    1502:	05 c0       	rjmp	.+10     	; 0x150e <vfscanf+0x202>
    1504:	f6 01       	movw	r30, r12
    1506:	83 81       	ldd	r24, Z+3	; 0x03
    1508:	80 73       	andi	r24, 0x30	; 48
    150a:	29 f4       	brne	.+10     	; 0x1516 <vfscanf+0x20a>
    150c:	06 c0       	rjmp	.+12     	; 0x151a <vfscanf+0x20e>
    150e:	00 fd       	sbrc	r16, 0
    1510:	0a cf       	rjmp	.-492    	; 0x1326 <vfscanf+0x1a>
    1512:	53 94       	inc	r5
    1514:	08 cf       	rjmp	.-496    	; 0x1326 <vfscanf+0x1a>
    1516:	55 20       	and	r5, r5
    1518:	19 f0       	breq	.+6      	; 0x1520 <vfscanf+0x214>
    151a:	85 2d       	mov	r24, r5
    151c:	90 e0       	ldi	r25, 0x00	; 0
    151e:	02 c0       	rjmp	.+4      	; 0x1524 <vfscanf+0x218>
    1520:	8f ef       	ldi	r24, 0xFF	; 255
    1522:	9f ef       	ldi	r25, 0xFF	; 255
    1524:	cd b7       	in	r28, 0x3d	; 61
    1526:	de b7       	in	r29, 0x3e	; 62
    1528:	ef e0       	ldi	r30, 0x0F	; 15
    152a:	0c 94 d4 0b 	jmp	0x17a8	; 0x17a8 <__epilogue_restores__+0x6>

0000152e <__ctype_isfalse>:
    152e:	99 27       	eor	r25, r25
    1530:	88 27       	eor	r24, r24

00001532 <__ctype_istrue>:
    1532:	08 95       	ret

00001534 <isspace>:
    1534:	91 11       	cpse	r25, r1
    1536:	0c 94 97 0a 	jmp	0x152e	; 0x152e <__ctype_isfalse>
    153a:	80 32       	cpi	r24, 0x20	; 32
    153c:	19 f0       	breq	.+6      	; 0x1544 <isspace+0x10>
    153e:	89 50       	subi	r24, 0x09	; 9
    1540:	85 50       	subi	r24, 0x05	; 5
    1542:	c8 f7       	brcc	.-14     	; 0x1536 <isspace+0x2>
    1544:	08 95       	ret

00001546 <strchr_P>:
    1546:	fc 01       	movw	r30, r24
    1548:	05 90       	lpm	r0, Z+
    154a:	06 16       	cp	r0, r22
    154c:	21 f0       	breq	.+8      	; 0x1556 <strchr_P+0x10>
    154e:	00 20       	and	r0, r0
    1550:	d9 f7       	brne	.-10     	; 0x1548 <strchr_P+0x2>
    1552:	c0 01       	movw	r24, r0
    1554:	08 95       	ret
    1556:	31 97       	sbiw	r30, 0x01	; 1
    1558:	cf 01       	movw	r24, r30
    155a:	08 95       	ret

0000155c <strnlen_P>:
    155c:	fc 01       	movw	r30, r24
    155e:	05 90       	lpm	r0, Z+
    1560:	61 50       	subi	r22, 0x01	; 1
    1562:	70 40       	sbci	r23, 0x00	; 0
    1564:	01 10       	cpse	r0, r1
    1566:	d8 f7       	brcc	.-10     	; 0x155e <strnlen_P+0x2>
    1568:	80 95       	com	r24
    156a:	90 95       	com	r25
    156c:	8e 0f       	add	r24, r30
    156e:	9f 1f       	adc	r25, r31
    1570:	08 95       	ret

00001572 <strnlen>:
    1572:	fc 01       	movw	r30, r24
    1574:	61 50       	subi	r22, 0x01	; 1
    1576:	70 40       	sbci	r23, 0x00	; 0
    1578:	01 90       	ld	r0, Z+
    157a:	01 10       	cpse	r0, r1
    157c:	d8 f7       	brcc	.-10     	; 0x1574 <strnlen+0x2>
    157e:	80 95       	com	r24
    1580:	90 95       	com	r25
    1582:	8e 0f       	add	r24, r30
    1584:	9f 1f       	adc	r25, r31
    1586:	08 95       	ret

00001588 <fgetc>:
    1588:	cf 93       	push	r28
    158a:	df 93       	push	r29
    158c:	ec 01       	movw	r28, r24
    158e:	2b 81       	ldd	r18, Y+3	; 0x03
    1590:	20 ff       	sbrs	r18, 0
    1592:	33 c0       	rjmp	.+102    	; 0x15fa <fgetc+0x72>
    1594:	26 ff       	sbrs	r18, 6
    1596:	0a c0       	rjmp	.+20     	; 0x15ac <fgetc+0x24>
    1598:	2f 7b       	andi	r18, 0xBF	; 191
    159a:	2b 83       	std	Y+3, r18	; 0x03
    159c:	8e 81       	ldd	r24, Y+6	; 0x06
    159e:	9f 81       	ldd	r25, Y+7	; 0x07
    15a0:	01 96       	adiw	r24, 0x01	; 1
    15a2:	9f 83       	std	Y+7, r25	; 0x07
    15a4:	8e 83       	std	Y+6, r24	; 0x06
    15a6:	8a 81       	ldd	r24, Y+2	; 0x02
    15a8:	90 e0       	ldi	r25, 0x00	; 0
    15aa:	29 c0       	rjmp	.+82     	; 0x15fe <fgetc+0x76>
    15ac:	22 ff       	sbrs	r18, 2
    15ae:	0f c0       	rjmp	.+30     	; 0x15ce <fgetc+0x46>
    15b0:	e8 81       	ld	r30, Y
    15b2:	f9 81       	ldd	r31, Y+1	; 0x01
    15b4:	80 81       	ld	r24, Z
    15b6:	08 2e       	mov	r0, r24
    15b8:	00 0c       	add	r0, r0
    15ba:	99 0b       	sbc	r25, r25
    15bc:	00 97       	sbiw	r24, 0x00	; 0
    15be:	19 f4       	brne	.+6      	; 0x15c6 <fgetc+0x3e>
    15c0:	20 62       	ori	r18, 0x20	; 32
    15c2:	2b 83       	std	Y+3, r18	; 0x03
    15c4:	1a c0       	rjmp	.+52     	; 0x15fa <fgetc+0x72>
    15c6:	31 96       	adiw	r30, 0x01	; 1
    15c8:	f9 83       	std	Y+1, r31	; 0x01
    15ca:	e8 83       	st	Y, r30
    15cc:	0e c0       	rjmp	.+28     	; 0x15ea <fgetc+0x62>
    15ce:	ea 85       	ldd	r30, Y+10	; 0x0a
    15d0:	fb 85       	ldd	r31, Y+11	; 0x0b
    15d2:	09 95       	icall
    15d4:	97 ff       	sbrs	r25, 7
    15d6:	09 c0       	rjmp	.+18     	; 0x15ea <fgetc+0x62>
    15d8:	2b 81       	ldd	r18, Y+3	; 0x03
    15da:	01 96       	adiw	r24, 0x01	; 1
    15dc:	11 f0       	breq	.+4      	; 0x15e2 <fgetc+0x5a>
    15de:	80 e2       	ldi	r24, 0x20	; 32
    15e0:	01 c0       	rjmp	.+2      	; 0x15e4 <fgetc+0x5c>
    15e2:	80 e1       	ldi	r24, 0x10	; 16
    15e4:	82 2b       	or	r24, r18
    15e6:	8b 83       	std	Y+3, r24	; 0x03
    15e8:	08 c0       	rjmp	.+16     	; 0x15fa <fgetc+0x72>
    15ea:	2e 81       	ldd	r18, Y+6	; 0x06
    15ec:	3f 81       	ldd	r19, Y+7	; 0x07
    15ee:	2f 5f       	subi	r18, 0xFF	; 255
    15f0:	3f 4f       	sbci	r19, 0xFF	; 255
    15f2:	3f 83       	std	Y+7, r19	; 0x07
    15f4:	2e 83       	std	Y+6, r18	; 0x06
    15f6:	99 27       	eor	r25, r25
    15f8:	02 c0       	rjmp	.+4      	; 0x15fe <fgetc+0x76>
    15fa:	8f ef       	ldi	r24, 0xFF	; 255
    15fc:	9f ef       	ldi	r25, 0xFF	; 255
    15fe:	df 91       	pop	r29
    1600:	cf 91       	pop	r28
    1602:	08 95       	ret

00001604 <fputc>:
    1604:	0f 93       	push	r16
    1606:	1f 93       	push	r17
    1608:	cf 93       	push	r28
    160a:	df 93       	push	r29
    160c:	fb 01       	movw	r30, r22
    160e:	23 81       	ldd	r18, Z+3	; 0x03
    1610:	21 fd       	sbrc	r18, 1
    1612:	03 c0       	rjmp	.+6      	; 0x161a <fputc+0x16>
    1614:	8f ef       	ldi	r24, 0xFF	; 255
    1616:	9f ef       	ldi	r25, 0xFF	; 255
    1618:	2c c0       	rjmp	.+88     	; 0x1672 <fputc+0x6e>
    161a:	22 ff       	sbrs	r18, 2
    161c:	16 c0       	rjmp	.+44     	; 0x164a <fputc+0x46>
    161e:	46 81       	ldd	r20, Z+6	; 0x06
    1620:	57 81       	ldd	r21, Z+7	; 0x07
    1622:	24 81       	ldd	r18, Z+4	; 0x04
    1624:	35 81       	ldd	r19, Z+5	; 0x05
    1626:	42 17       	cp	r20, r18
    1628:	53 07       	cpc	r21, r19
    162a:	44 f4       	brge	.+16     	; 0x163c <fputc+0x38>
    162c:	a0 81       	ld	r26, Z
    162e:	b1 81       	ldd	r27, Z+1	; 0x01
    1630:	9d 01       	movw	r18, r26
    1632:	2f 5f       	subi	r18, 0xFF	; 255
    1634:	3f 4f       	sbci	r19, 0xFF	; 255
    1636:	31 83       	std	Z+1, r19	; 0x01
    1638:	20 83       	st	Z, r18
    163a:	8c 93       	st	X, r24
    163c:	26 81       	ldd	r18, Z+6	; 0x06
    163e:	37 81       	ldd	r19, Z+7	; 0x07
    1640:	2f 5f       	subi	r18, 0xFF	; 255
    1642:	3f 4f       	sbci	r19, 0xFF	; 255
    1644:	37 83       	std	Z+7, r19	; 0x07
    1646:	26 83       	std	Z+6, r18	; 0x06
    1648:	14 c0       	rjmp	.+40     	; 0x1672 <fputc+0x6e>
    164a:	8b 01       	movw	r16, r22
    164c:	ec 01       	movw	r28, r24
    164e:	fb 01       	movw	r30, r22
    1650:	00 84       	ldd	r0, Z+8	; 0x08
    1652:	f1 85       	ldd	r31, Z+9	; 0x09
    1654:	e0 2d       	mov	r30, r0
    1656:	09 95       	icall
    1658:	89 2b       	or	r24, r25
    165a:	e1 f6       	brne	.-72     	; 0x1614 <fputc+0x10>
    165c:	d8 01       	movw	r26, r16
    165e:	16 96       	adiw	r26, 0x06	; 6
    1660:	8d 91       	ld	r24, X+
    1662:	9c 91       	ld	r25, X
    1664:	17 97       	sbiw	r26, 0x07	; 7
    1666:	01 96       	adiw	r24, 0x01	; 1
    1668:	17 96       	adiw	r26, 0x07	; 7
    166a:	9c 93       	st	X, r25
    166c:	8e 93       	st	-X, r24
    166e:	16 97       	sbiw	r26, 0x06	; 6
    1670:	ce 01       	movw	r24, r28
    1672:	df 91       	pop	r29
    1674:	cf 91       	pop	r28
    1676:	1f 91       	pop	r17
    1678:	0f 91       	pop	r16
    167a:	08 95       	ret

0000167c <ungetc>:
    167c:	fb 01       	movw	r30, r22
    167e:	23 81       	ldd	r18, Z+3	; 0x03
    1680:	20 ff       	sbrs	r18, 0
    1682:	12 c0       	rjmp	.+36     	; 0x16a8 <ungetc+0x2c>
    1684:	26 fd       	sbrc	r18, 6
    1686:	10 c0       	rjmp	.+32     	; 0x16a8 <ungetc+0x2c>
    1688:	8f 3f       	cpi	r24, 0xFF	; 255
    168a:	3f ef       	ldi	r19, 0xFF	; 255
    168c:	93 07       	cpc	r25, r19
    168e:	61 f0       	breq	.+24     	; 0x16a8 <ungetc+0x2c>
    1690:	82 83       	std	Z+2, r24	; 0x02
    1692:	2f 7d       	andi	r18, 0xDF	; 223
    1694:	20 64       	ori	r18, 0x40	; 64
    1696:	23 83       	std	Z+3, r18	; 0x03
    1698:	26 81       	ldd	r18, Z+6	; 0x06
    169a:	37 81       	ldd	r19, Z+7	; 0x07
    169c:	21 50       	subi	r18, 0x01	; 1
    169e:	31 09       	sbc	r19, r1
    16a0:	37 83       	std	Z+7, r19	; 0x07
    16a2:	26 83       	std	Z+6, r18	; 0x06
    16a4:	99 27       	eor	r25, r25
    16a6:	08 95       	ret
    16a8:	8f ef       	ldi	r24, 0xFF	; 255
    16aa:	9f ef       	ldi	r25, 0xFF	; 255
    16ac:	08 95       	ret

000016ae <__ultoa_invert>:
    16ae:	fa 01       	movw	r30, r20
    16b0:	aa 27       	eor	r26, r26
    16b2:	28 30       	cpi	r18, 0x08	; 8
    16b4:	51 f1       	breq	.+84     	; 0x170a <__ultoa_invert+0x5c>
    16b6:	20 31       	cpi	r18, 0x10	; 16
    16b8:	81 f1       	breq	.+96     	; 0x171a <__ultoa_invert+0x6c>
    16ba:	e8 94       	clt
    16bc:	6f 93       	push	r22
    16be:	6e 7f       	andi	r22, 0xFE	; 254
    16c0:	6e 5f       	subi	r22, 0xFE	; 254
    16c2:	7f 4f       	sbci	r23, 0xFF	; 255
    16c4:	8f 4f       	sbci	r24, 0xFF	; 255
    16c6:	9f 4f       	sbci	r25, 0xFF	; 255
    16c8:	af 4f       	sbci	r26, 0xFF	; 255
    16ca:	b1 e0       	ldi	r27, 0x01	; 1
    16cc:	3e d0       	rcall	.+124    	; 0x174a <__ultoa_invert+0x9c>
    16ce:	b4 e0       	ldi	r27, 0x04	; 4
    16d0:	3c d0       	rcall	.+120    	; 0x174a <__ultoa_invert+0x9c>
    16d2:	67 0f       	add	r22, r23
    16d4:	78 1f       	adc	r23, r24
    16d6:	89 1f       	adc	r24, r25
    16d8:	9a 1f       	adc	r25, r26
    16da:	a1 1d       	adc	r26, r1
    16dc:	68 0f       	add	r22, r24
    16de:	79 1f       	adc	r23, r25
    16e0:	8a 1f       	adc	r24, r26
    16e2:	91 1d       	adc	r25, r1
    16e4:	a1 1d       	adc	r26, r1
    16e6:	6a 0f       	add	r22, r26
    16e8:	71 1d       	adc	r23, r1
    16ea:	81 1d       	adc	r24, r1
    16ec:	91 1d       	adc	r25, r1
    16ee:	a1 1d       	adc	r26, r1
    16f0:	20 d0       	rcall	.+64     	; 0x1732 <__ultoa_invert+0x84>
    16f2:	09 f4       	brne	.+2      	; 0x16f6 <__ultoa_invert+0x48>
    16f4:	68 94       	set
    16f6:	3f 91       	pop	r19
    16f8:	2a e0       	ldi	r18, 0x0A	; 10
    16fa:	26 9f       	mul	r18, r22
    16fc:	11 24       	eor	r1, r1
    16fe:	30 19       	sub	r19, r0
    1700:	30 5d       	subi	r19, 0xD0	; 208
    1702:	31 93       	st	Z+, r19
    1704:	de f6       	brtc	.-74     	; 0x16bc <__ultoa_invert+0xe>
    1706:	cf 01       	movw	r24, r30
    1708:	08 95       	ret
    170a:	46 2f       	mov	r20, r22
    170c:	47 70       	andi	r20, 0x07	; 7
    170e:	40 5d       	subi	r20, 0xD0	; 208
    1710:	41 93       	st	Z+, r20
    1712:	b3 e0       	ldi	r27, 0x03	; 3
    1714:	0f d0       	rcall	.+30     	; 0x1734 <__ultoa_invert+0x86>
    1716:	c9 f7       	brne	.-14     	; 0x170a <__ultoa_invert+0x5c>
    1718:	f6 cf       	rjmp	.-20     	; 0x1706 <__ultoa_invert+0x58>
    171a:	46 2f       	mov	r20, r22
    171c:	4f 70       	andi	r20, 0x0F	; 15
    171e:	40 5d       	subi	r20, 0xD0	; 208
    1720:	4a 33       	cpi	r20, 0x3A	; 58
    1722:	18 f0       	brcs	.+6      	; 0x172a <__ultoa_invert+0x7c>
    1724:	49 5d       	subi	r20, 0xD9	; 217
    1726:	31 fd       	sbrc	r19, 1
    1728:	40 52       	subi	r20, 0x20	; 32
    172a:	41 93       	st	Z+, r20
    172c:	02 d0       	rcall	.+4      	; 0x1732 <__ultoa_invert+0x84>
    172e:	a9 f7       	brne	.-22     	; 0x171a <__ultoa_invert+0x6c>
    1730:	ea cf       	rjmp	.-44     	; 0x1706 <__ultoa_invert+0x58>
    1732:	b4 e0       	ldi	r27, 0x04	; 4
    1734:	a6 95       	lsr	r26
    1736:	97 95       	ror	r25
    1738:	87 95       	ror	r24
    173a:	77 95       	ror	r23
    173c:	67 95       	ror	r22
    173e:	ba 95       	dec	r27
    1740:	c9 f7       	brne	.-14     	; 0x1734 <__ultoa_invert+0x86>
    1742:	00 97       	sbiw	r24, 0x00	; 0
    1744:	61 05       	cpc	r22, r1
    1746:	71 05       	cpc	r23, r1
    1748:	08 95       	ret
    174a:	9b 01       	movw	r18, r22
    174c:	ac 01       	movw	r20, r24
    174e:	0a 2e       	mov	r0, r26
    1750:	06 94       	lsr	r0
    1752:	57 95       	ror	r21
    1754:	47 95       	ror	r20
    1756:	37 95       	ror	r19
    1758:	27 95       	ror	r18
    175a:	ba 95       	dec	r27
    175c:	c9 f7       	brne	.-14     	; 0x1750 <__ultoa_invert+0xa2>
    175e:	62 0f       	add	r22, r18
    1760:	73 1f       	adc	r23, r19
    1762:	84 1f       	adc	r24, r20
    1764:	95 1f       	adc	r25, r21
    1766:	a0 1d       	adc	r26, r0
    1768:	08 95       	ret

0000176a <__prologue_saves__>:
    176a:	2f 92       	push	r2
    176c:	3f 92       	push	r3
    176e:	4f 92       	push	r4
    1770:	5f 92       	push	r5
    1772:	6f 92       	push	r6
    1774:	7f 92       	push	r7
    1776:	8f 92       	push	r8
    1778:	9f 92       	push	r9
    177a:	af 92       	push	r10
    177c:	bf 92       	push	r11
    177e:	cf 92       	push	r12
    1780:	df 92       	push	r13
    1782:	ef 92       	push	r14
    1784:	ff 92       	push	r15
    1786:	0f 93       	push	r16
    1788:	1f 93       	push	r17
    178a:	cf 93       	push	r28
    178c:	df 93       	push	r29
    178e:	cd b7       	in	r28, 0x3d	; 61
    1790:	de b7       	in	r29, 0x3e	; 62
    1792:	ca 1b       	sub	r28, r26
    1794:	db 0b       	sbc	r29, r27
    1796:	0f b6       	in	r0, 0x3f	; 63
    1798:	f8 94       	cli
    179a:	de bf       	out	0x3e, r29	; 62
    179c:	0f be       	out	0x3f, r0	; 63
    179e:	cd bf       	out	0x3d, r28	; 61
    17a0:	09 94       	ijmp

000017a2 <__epilogue_restores__>:
    17a2:	2a 88       	ldd	r2, Y+18	; 0x12
    17a4:	39 88       	ldd	r3, Y+17	; 0x11
    17a6:	48 88       	ldd	r4, Y+16	; 0x10
    17a8:	5f 84       	ldd	r5, Y+15	; 0x0f
    17aa:	6e 84       	ldd	r6, Y+14	; 0x0e
    17ac:	7d 84       	ldd	r7, Y+13	; 0x0d
    17ae:	8c 84       	ldd	r8, Y+12	; 0x0c
    17b0:	9b 84       	ldd	r9, Y+11	; 0x0b
    17b2:	aa 84       	ldd	r10, Y+10	; 0x0a
    17b4:	b9 84       	ldd	r11, Y+9	; 0x09
    17b6:	c8 84       	ldd	r12, Y+8	; 0x08
    17b8:	df 80       	ldd	r13, Y+7	; 0x07
    17ba:	ee 80       	ldd	r14, Y+6	; 0x06
    17bc:	fd 80       	ldd	r15, Y+5	; 0x05
    17be:	0c 81       	ldd	r16, Y+4	; 0x04
    17c0:	1b 81       	ldd	r17, Y+3	; 0x03
    17c2:	aa 81       	ldd	r26, Y+2	; 0x02
    17c4:	b9 81       	ldd	r27, Y+1	; 0x01
    17c6:	ce 0f       	add	r28, r30
    17c8:	d1 1d       	adc	r29, r1
    17ca:	0f b6       	in	r0, 0x3f	; 63
    17cc:	f8 94       	cli
    17ce:	de bf       	out	0x3e, r29	; 62
    17d0:	0f be       	out	0x3f, r0	; 63
    17d2:	cd bf       	out	0x3d, r28	; 61
    17d4:	ed 01       	movw	r28, r26
    17d6:	08 95       	ret

000017d8 <_exit>:
    17d8:	f8 94       	cli

000017da <__stop_program>:
    17da:	ff cf       	rjmp	.-2      	; 0x17da <__stop_program>
